0,2,0.739103626009029,0.306146745892072
0,2,0.565685424949238,0.565685424949238
0,2,0.306146745892072,0.739103626009029
0,2,4.89858719658941e-17,0.8
0,2,-0.306146745892072,0.739103626009029
0,2,-0.565685424949238,0.565685424949238
0,2,-0.739103626009029,0.306146745892072
0,2,-0.8,9.79717439317883e-17
0,2,-0.73910362600903,-0.306146745892072
0,2,-0.565685424949238,-0.565685424949238
0,2,-0.306146745892072,-0.739103626009029
0,2,-1.46957615897682e-16,-0.8
0,2,0.306146745892072,-0.739103626009029
0,2,0.565685424949238,-0.565685424949238
0,2,0.739103626009029,-0.306146745892072
0,2,0.8,-1.95943487863577e-16
1,2,0.75890698851045,0.328394594243789
1,2,0.584009536590087,0.582168318461478
1,2,0.298261695012173,0.770890672481601
1,2,0.00296074315734505,0.824428801968033
1,2,-0.310009630221885,0.761205355948662
1,2,-0.587828523593823,0.575693619178737
1,2,-0.744153119427621,0.307398820870595
1,2,-0.825141081205429,-0.0176331583828835
1,2,-0.756857931451202,-0.335315536138488
1,2,-0.579852266401355,-0.577985250084467
1,2,-0.310663101294259,-0.747916713622303
1,2,0.00980347970926775,-0.821381230420249
1,2,0.321071939944033,-0.745459412169371
1,2,0.594654730020708,-0.571641628523709
1,2,0.755294521191452,-0.311339470877185
1,2,0.821637325118147,0.0208981801034787
2,2,0.778156404127368,0.350543981726711
2,2,0.602085268063675,0.597865114060712
2,2,0.289950606027847,0.802206327022221
2,2,0.00658359619611669,0.848205223746185
2,2,-0.313697021717132,0.782649797808437
2,2,-0.609873692329766,0.584820184275824
2,2,-0.748680567065777,0.308698728718479
2,2,-0.849716234594168,-0.0345158542200078
2,2,-0.774117097437496,-0.36396693897685
2,2,-0.594049337342057,-0.58982104241575
2,2,-0.315113666921987,-0.756237570940544
2,2,0.0209358483881946,-0.842132373440938
2,2,0.336251916997421,-0.751345279619792
2,2,0.622338153416073,-0.578136902916546
2,2,0.770698398155944,-0.316640257229587
2,2,0.84275668907267,0.0431265292375024
3,2,0.796845336909642,0.372591903538015
3,2,0.620135178240722,0.61263265628592
3,2,0.280992765588243,0.833134282751618
3,2,0.0110728855033852,0.871352743430628
3,2,-0.317119179498847,0.803519209973699
3,2,-0.631841660235069,0.59298006566794
3,2,-0.75277007794327,0.310253923434338
3,2,-0.873726358962019,-0.0507820958153206
3,2,-0.790768020961205,-0.392268450899532
3,2,-0.608334090261205,-0.601165404713758
3,2,-0.319572328560849,-0.764111053459448
3,2,0.0333339284380598,-0.86222529860146
3,2,0.351681825692113,-0.756837540605174
3,2,0.648793728428581,-0.585103691587235
3,2,0.78530932766705,-0.32227749790298
3,2,0.863363399075302,0.0667139569969169
4,2,0.814963866211229,0.394533519301453
4,2,0.638359774631629,0.626341452150608
4,2,0.271157864826025,0.863738612990829
4,2,0.0166739668856369,0.893897439284406
4,2,-0.320204639931952,0.823882900695409
4,2,-0.653738231071898,0.600096725027827
4,2,-0.7564984977608,0.312241219324171
4,2,-0.897179400303909,-0.0665404526923902
4,2,-0.806681765277483,-0.420375765517501
4,2,-0.622767960391802,-0.611991701940673
4,2,-0.324103055371998,-0.77157598151263
4,2,0.0469434764107872,-0.881637289553472
4,2,0.367363455300283,-0.761998536416044
4,2,0.67406403139929,-0.592490298732788
4,2,0.799130160332025,-0.328451706493948
4,2,0.883455190487824,0.0917019217297764
5,2,0.832497586016734,0.416363096359286
5,2,0.65694985380672,0.638865005680883
5,2,0.260183942320081,0.89406692623387
5,2,0.0236973809016599,0.91587054342801
5,2,-0.322896053966644,0.843799954083912
5,2,-0.675557848115933,0.60609919501978
5,2,-0.759937589651807,0.3148146606399
5,2,-0.920087687944511,-0.081879955945025
5,2,-0.821709096004165,-0.448436007746908
5,2,-0.637418148541879,-0.622273488426936
5,2,-0.328760303607542,-0.778666209240789
5,2,0.0617175519349564,-0.900349687352668
5,2,0.3833037059006,-0.766879736130056
5,2,0.698179377274174,-0.600256935972763
5,2,0.812169876966123,-0.335341441893586
5,2,0.903021407259731,0.118145378182256
6,2,0.849426015553902,0.438075097519013
6,2,0.676097086851293,0.650070650422488
6,2,0.247744443878188,0.924149873760346
6,2,0.032561575634427,0.937313756515948
6,2,-0.325147320972158,0.8633212445805
6,2,-0.697285781969545,0.610919165498476
6,2,-0.763155844181544,0.318111994268877
6,2,-0.942466119540853,-0.0968742963181211
6,2,-0.835673315800519,-0.476590834461308
6,2,-0.65236024727903,-0.631983861357045
6,2,-0.333589714795454,-0.785411534223339
6,2,0.0776153534030978,-0.918346754973789
6,2,0.399513663938466,-0.771523955653882
6,2,0.721159930443427,-0.608372917994206
6,2,0.824441292318798,-0.343108356640166
6,2,0.922041729842226,0.146114541893259
7,2,0.865720174000582,0.459665697166848
7,2,0.696005005349021,0.659810000230578
7,2,0.233387677457591,0.953994559433023
7,2,0.0438772556893524,0.958291856654224
7,2,-0.326921518941616,0.882491047621821
7,2,-0.718899180563305,0.61448799150152
7,2,-0.766220328792069,0.322260327539071
7,2,-0.964330886030839,-0.111584930727948
7,2,-0.848358851216017,-0.504979379097172
7,2,-0.667682235661831,-0.641094762913253
7,2,-0.338628956450797,-0.791838449473374
7,2,0.0946013734900352,-0.935614739285049
7,2,0.416008095163675,-0.77596698174992
7,2,0.743017058983934,-0.616814626135486
7,2,0.835959091230682,-0.351901789660874
7,2,0.940484217234928,0.175697705066272
8,2,0.881338664143702,0.481135247821806
8,2,0.716902679685817,0.667907032166018
8,2,0.216401045154145,0.983561371450126
8,2,0.0586416676152877,0.978928308234217
8,2,-0.328189296571855,0.901348468142869
8,2,-0.740367097263579,0.616733497223958
8,2,-0.769198845496517,0.327381376263468
8,2,-0.985698560461747,-0.126063460716026
8,2,-0.859492668047904,-0.533740855624064
8,2,-0.68349082436535,-0.649576304214547
8,2,-0.343908600040565,-0.797970758704475
8,2,0.112644778559854,-0.95214110290584
8,2,0.432805246338315,-0.780238773291785
8,2,0.763754130476029,-0.625564003261625
8,2,0.846738156165645,-0.361863188597042
8,2,0.958302287801193,0.207005481192072
9,2,0.896220929940938,0.502492754912693
9,2,0.739064581290151,0.674140833103868
9,2,0.195415086854726,1.01267264760682
9,2,0.0788103146064326,0.999538867038685
9,2,-0.328927434890414,0.919928914492536
9,2,-0.761649490901819,0.617576391912359
9,2,-0.772162666241743,0.333596651754377
9,2,-1.00658543809392,-0.140353509654623
9,2,-0.868712645021969,-0.56301608898302
9,2,-0.699922107789937,-0.657396360701595
9,2,-0.349452972354328,-0.80383008554012
9,2,0.131718949434059,-0.967913894674858
9,2,0.449926898879674,-0.78436434960064
9,2,0.783366863090659,-0.634607424646633
9,2,0.85679213173474,-0.373130589618971
9,2,0.975430005117865,0.240177092961112
10,2,0.910274702489913,0.523764727551877
10,2,0.762843430839504,0.678217343556638
10,2,0.166464850037585,1.04036186586073
10,2,0.11013351669895,1.02157158284382
10,2,-0.329117131344071,0.938266020076746
10,2,-0.782695085513351,0.616925984056849
10,2,-0.77519021082721,0.341032970943956
10,2,-1.02700705192184,-0.154492248742024
10,2,-0.875510076463857,-0.592945510236055
10,2,-0.717160785612969,-0.664521254340423
10,2,-0.355280948220204,-0.809436310171896
10,2,0.15180114342251,-0.982921230462202
10,2,0.467398652579782,-0.788364434914749
10,2,0.801843289507157,-0.64393483797377
10,2,0.866132151837257,-0.385843402864004
10,2,0.991774540945656,0.27538972777918
11,2,0.923351172115943,0.545013266206486
11,2,0.788731748616447,0.679717438204863
11,2,0.155271250118193,1.04264995383401
11,2,0.115525088426346,1.07977846078634
11,2,-0.328739686236429,0.956395592206742
11,2,-0.803435775830416,0.614675836979381
11,2,-0.778372267620687,0.349828787466354
11,2,-1.04697780817891,-0.168511680075924
11,2,-0.879115001032637,-0.623654938851307
11,2,-0.735478338698841,-0.670920386208749
11,2,-0.36140668256149,-0.814807968671443
11,2,0.172920559776252,-0.997164166808122
11,2,0.485250444109235,-0.792255906884828
11,2,0.819163345108803,-0.653539093583462
11,2,0.874755112677831,-0.400180454780484
11,2,1.00720369185226,0.312872704547479
12,2,0.935170033041467,0.566394207854064
12,2,0.817496260727459,0.677986941267115
12,2,0.175052847662458,1.05959130586155
12,2,0.0758298721206473,1.11614231975618
12,2,-0.32775959880096,0.974366002068483
12,2,-0.823780102119093,0.610700448574749
12,2,-0.781819812457513,0.360142047123832
12,2,-1.0665106993406,-0.182439769396662
12,2,-0.878235562099959,-0.655194001324434
12,2,-0.755319602383292,-0.676586433179341
12,2,-0.36784033983888,-0.819962646989641
12,2,0.195131362716958,-1.01064756308384
12,2,0.50351730409147,-0.796052148228607
12,2,0.835298050107891,-0.663415352303419
12,2,0.882608740931889,-0.416465744252114
12,2,1.02152418665558,0.352929480359639
13,2,0.945137926495578,0.588305427450922
13,2,0.850550356363977,0.671839977935326
13,2,0.18741695002006,1.08083930259276
13,2,0.0465620440212965,1.14564120084248
13,2,-0.326123175029153,0.992240875816523
13,2,-0.843600862940039,0.604843380640944
13,2,-0.785676199150592,0.372156713447407
13,2,-1.08561706476693,-0.196301531976561
13,2,-0.870339238150061,-0.687242785854506
13,2,-0.777541186124447,-0.681632146073432
13,2,-0.374588875454283,-0.824917448633875
13,2,0.218414048071122,-1.02335267360871
13,2,0.522240486213368,-0.799763228485703
13,2,0.850208209390753,-0.673560426090749
13,2,0.889679533801489,-0.43489853055627
13,2,1.03444161100853,0.395972480381048
14,2,0.951508982900613,0.612011981873715
14,2,0.891510507472428,0.658397035168513
14,2,0.195888489939746,1.10367167653466
14,2,0.0223972024692591,1.17220264000572
14,2,-0.32377106284937,1.01009021917789
14,2,-0.862713906527127,0.596901604944516
14,2,-0.790136608351245,0.386057613608186
14,2,-1.10430639915739,-0.210120241560597
14,2,-0.849010176138639,-0.716990331503747
14,2,-0.804315390672378,-0.686931797009234
14,2,-0.381657182253736,-0.829689642993694
14,2,0.242752372364079,-1.03525885746075
14,2,0.541469136397726,-0.803395776986767
14,2,0.863842451747564,-0.683972134014079
14,2,0.895952346253772,-0.455693515405275
14,2,1.04544522451767,0.442656214407464
15,2,0.956503276879874,0.624466476225005
15,2,0.937653486615322,0.658942828846377
15,2,0.201640777011618,1.12735034402301
15,2,0.00156238102522955,1.19686248365745
15,2,-0.320641305411168,1.02798870563938
15,2,-0.880845425670712,0.586603871335307
15,2,-0.795491787259593,0.402130765284016
15,2,-1.12258657006571,-0.223919064654424
15,2,-0.807677352174626,-0.711072908091961
15,2,-0.837864342348963,-0.703477908878726
15,2,-0.389051463884291,-0.834297052335629
15,2,0.268134143266935,-1.04634351398032
15,2,0.56126265355653,-0.806952598101555
15,2,0.876134358054786,-0.694648468996029
15,2,0.90140017108084,-0.479124680078065
15,2,1.0536364694988,0.493924862658045
16,2,0.995063565543654,0.610688031292791
16,2,0.932250948965904,0.696275104539483
16,2,0.205247925245466,1.15154355505062
16,2,-0.0168326218614694,1.22006130132557
16,2,-0.316669591994081,1.04601635257325
16,2,-0.897558164073885,0.573577708322001
16,2,-0.802200052156393,0.420803198166414
16,2,-1.14046605555479,-0.237720135009889
16,2,-0.817760526537192,-0.670222481289053
16,2,-0.854523727364479,-0.731031075005229
16,2,-0.396889293295455,-0.838720371617599
16,2,0.294551235765472,-1.05658175321558
16,2,0.581694101150378,-0.810431948883013
16,2,0.886998249018069,-0.705586169917728
16,2,0.905980204048272,-0.505557404400755
16,2,1.05653314926532,0.552075967276756
17,2,1.05213026003836,0.613020196073763
17,2,0.937860995286978,0.718333272676183
17,2,0.207038003855916,1.17606730004007
17,2,-0.0333202026357354,1.24201737614236
17,2,-0.311788546199349,1.06425997435049
17,2,-0.912083566253654,0.5572970385203
17,2,-0.811059447978329,0.442663424871672
17,2,-1.15795112126049,-0.251541545623964
17,2,-0.845196034579966,-0.647141278194681
17,2,-0.86559258189166,-0.752128868608618
17,2,-0.405348657164801,-0.842916672095839
17,2,0.321999736179932,-1.06594603784704
17,2,0.602855308911647,-0.813826305379493
17,2,0.89631871629333,-0.716790420786106
17,2,0.909627494353174,-0.535504208204886
17,2,1.0244381304997,0.600576653713441
18,2,1.08311266323144,0.672854972739044
18,2,0.95087646375739,0.732262183277608
18,2,0.207192113318955,1.20081885136673
18,2,-0.0482532204472636,1.26283918600659
18,2,-0.305926298408239,1.08281544840508
18,2,-0.922872817457349,0.537025858043951
18,2,-0.823675123067235,0.468479558540808
18,2,-1.17504290978062,-0.265401727561769
18,2,-0.875170660024425,-0.633334836987163
18,2,-0.875994500774626,-0.769586957737817
18,2,-0.414430160253557,-0.846900769949012
18,2,0.350480229513457,-1.07440577330514
18,2,0.624864911246215,-0.817120321563126
18,2,0.903937961715539,-0.728275625480756
18,2,0.912244172363382,-0.569734566084206
18,2,1.02198233685253,0.576364789822117
19,2,1.10337781492623,0.725693233141063
19,2,0.971717843701592,0.740107618030377
19,2,0.205859268247804,1.22571112688331
19,2,-0.0619079550687574,1.28256766599413
19,2,-0.299004251239061,1.10179115871648
19,2,-0.926100997475847,0.512069168901567
19,2,-0.843992319421128,0.498991095897127
19,2,-1.19173891124247,-0.279320070578284
19,2,-0.905562628873026,-0.624992814898429
19,2,-0.886448861181623,-0.784664396403899
19,2,-0.424134937542939,-0.850687995071469
19,2,0.379998243809558,-1.08192682012225
19,2,0.647881561551256,-0.820287341458412
19,2,0.90967201570481,-0.739945919966343
19,2,0.913682768655747,-0.609553419412957
19,2,1.02755783654523,0.567036561033355
20,2,1.11691585544791,0.775754144469247
20,2,1.00176298478746,0.744179590267294
20,2,0.203141702185497,1.25067731514804
20,2,-0.0745844716300476,1.30118525557837
20,2,-0.290933512091908,1.12131353777139
20,2,-0.910598419307983,0.487293631781534
20,2,-0.883551417114485,0.529177585413246
20,2,-1.20803313302445,-0.29331683326081
20,2,-0.935828534889796,-0.620301549071676
20,2,-0.897155554996099,-0.797953204914151
20,2,-0.434466206415236,-0.854292119819714
20,2,0.410564887361673,-1.08847091027243
20,2,0.672126828439147,-0.823282999473742
20,2,0.913246476526442,-0.75165342075143
20,2,0.913716902726629,-0.65762906475209
20,2,1.03449472531758,0.564902547986424
21,2,1.12373207874153,0.82218508471056
21,2,1.04202568145891,0.748106743734289
21,2,0.199094235803662,1.27566588872892
21,2,-0.0864608899034562,1.31865767685171
21,2,-0.281608170582656,1.14153598613751
21,2,-0.880438032409157,0.494617686009451
21,2,-0.938162269083035,0.526059792284034
21,2,-1.22391610486237,-0.307414927265516
21,2,-0.965807429376818,-0.618209863077932
21,2,-0.9081887306982,-0.809782626257241
21,2,-0.445428409933689,-0.857725268405652
21,2,0.442197830578233,-1.09399491267311
21,2,0.697929958441523,-0.826033014627588
21,2,0.914238910688724,-0.762774508473834
21,2,0.912127199609745,-0.722852127362643
21,2,1.04198022835938,0.568192812590772
22,2,1.12484258409941,0.862546179476618
22,2,1.09075398085847,0.756884616627028
22,2,0.19374589823184,1.30063020985984
22,2,-0.0976851785574612,1.33491439706693
22,2,-0.270896719202432,1.16264876015058
22,2,-0.869791558143736,0.520418388687889
22,2,-0.972575418646797,0.503660969111457
22,2,-1.2393775500604,-0.321641685036143
22,2,-0.995461998298461,-0.61803049445432
22,2,-0.919577705808667,-0.82036223345988
22,2,-0.457026782986418,-0.860998038420874
22,2,0.474922914616352,-1.09844991300854
22,2,0.725827320413777,-0.828412653202528
22,2,0.910897990399041,-0.780557455191828
22,2,0.921171218460727,-0.721511432116941
22,2,1.05004090459545,0.576227301178405
23,2,1.12328235862881,0.89534822742082
23,2,1.14238987772831,0.773755590143891
23,2,0.187104930051138,1.3255240126648
23,2,-0.108406006790564,1.34983250125989
23,2,-0.258634087149845,1.18489756658317
23,2,-0.870998149561003,0.545282251380635
23,2,-0.994675854243298,0.482076407880131
23,2,-1.25440848885908,-0.3360337332937
23,2,-1.02481524146347,-0.619266751899717
23,2,-0.931340705108774,-0.829836534664937
23,2,-0.469267161553354,-0.864119648214016
23,2,0.508777413626014,-1.10178031192502
23,2,0.756809060923843,-0.830248176168914
23,2,0.903656150475953,-0.801680270488034
23,2,0.919949300225471,-0.69637842135703
23,2,1.05898507233892,0.588428692208497
24,2,1.12204532387795,0.921547055640554
24,2,1.19159669053932,0.797919516916661
24,2,0.179161088221279,1.35029756147143
24,2,-0.118792149783507,1.36320929372416
24,2,-0.244603127881247,1.20862396791907
24,2,-0.878034883030676,0.567346666398739
24,2,-1.01067620094336,0.463242538260067
24,2,-1.26901908071129,-0.350720992242736
24,2,-1.05391269787573,-0.621522643291038
24,2,-0.943488127270867,-0.838306045532557
24,2,-0.482155914227608,-0.867098070814569
24,2,0.543814848418499,-1.10392091958522
24,2,0.793254898424187,-0.83130064191393
24,2,0.888872706952252,-0.823358294875254
24,2,0.91399248929749,-0.685175811819688
24,2,1.06899746370449,0.60410627472707
25,2,1.12249429612836,0.942982346651732
25,2,1.23610217900746,0.82693069712346
25,2,0.169887267681805,1.37488885737982
25,2,-0.129062208784757,1.37469929293326
25,2,-0.228499922764168,1.23434535836749
25,2,-0.888471951684883,0.586766915352794
25,2,-1.02308785121284,0.446997816339822
25,2,-1.28319521573029,-0.36576077808863
25,2,-1.08281429455366,-0.624462520407236
25,2,-0.956026453793949,-0.845844847048691
25,2,-0.495699954104015,-0.86994014181968
25,2,0.580114602070714,-1.10478816112088
25,2,0.850726860572338,-0.839602519441975
25,2,0.845954167911321,-0.835413167470984
25,2,0.903966484178822,-0.68377918335188
25,2,1.08004169883943,0.622678513109216
26,2,1.12491503738163,0.961067628744259
26,2,1.27558736516927,0.858803864245026
26,2,0.159240257688177,1.39921477037335
26,2,-0.139541712225204,1.38365309921337
26,2,-0.209865656343524,1.26294861009708
26,2,-0.901123501611329,0.603853362754255
26,2,-1.03313866850243,0.43301980075692
26,2,-1.29691154146311,-0.381186244095425
26,2,-1.11159300909167,-0.627782540682305
26,2,-0.968961064945451,-0.852509493870649
26,2,-0.50990678667209,-0.872651637409563
26,2,0.617809867063033,-1.1042335792156
26,2,0.8336370747954,-0.878892320387089
26,2,0.900645784233199,-0.806632189363069
26,2,0.890460031774622,-0.692686296251661
26,2,1.09199254091565,0.643782546118507
27,2,1.1292221702764,0.976670739807237
27,2,1.31036915186924,0.892267219086267
27,2,0.14715185870059,1.42318892914936
27,2,-0.15079131266071,1.38858676069261
27,2,-0.187932596262869,1.29631369820897
27,2,-0.915319417058274,0.618870157302261
27,2,-1.04152478455121,0.421033593151954
27,2,-1.31013885746034,-0.397039816330938
27,2,-1.14033596436918,-0.631188807399609
27,2,-0.982297103188898,-0.858343939322893
27,2,-0.52478457801295,-0.875237325288253
27,2,0.657138794336937,-1.10192688284481
27,2,0.826811379121739,-0.901117322708323
27,2,0.940840632891087,-0.800264358417577
27,2,0.876648538012085,-0.714557174840395
27,2,1.10472435728158,0.667234503453763
28,2,1.1352521509039,0.990290969509564
28,2,1.34087243372074,0.926520168505523
28,2,0.133521432843482,1.44670053594424
28,2,-0.163736552207657,1.38397028800428
28,2,-0.161457915301401,1.34104385444682
28,2,-0.930640548782281,0.632021908266923
28,2,-1.04868412800137,0.410824977380818
28,2,-1.32284283542702,-0.41337584136733
28,2,-1.16914827446801,-0.634377302431977
28,2,-0.996039917390696,-0.863382613068823
28,2,-0.540342242118343,-0.877700990912281
28,2,0.698451214400443,-1.09727145745239
28,2,0.823482674780048,-0.920160628058309
28,2,0.974832778123424,-0.798411288091402
28,2,0.867449687580313,-0.748924206761121
28,2,1.11813132867263,0.692980443727586
29,2,1.14285150245831,1.00219473481442
29,2,1.36748121663127,0.961031495454924
29,2,0.118183641712108,1.46960491655187
29,2,-0.132353231900673,1.37667987567044
29,2,-0.183402994969749,1.38944734482003
29,2,-0.946804391247968,0.643464715547202
29,2,-1.05493336870215,0.402167482241341
29,2,-1.33498198700234,-0.430265053189309
29,2,-1.19815997777181,-0.637010692435828
29,2,-1.01019533652595,-0.867652359076506
29,2,-0.556589542746003,-0.880045441690509
29,2,0.74223223230683,-1.08917679778291
29,2,0.821886646276277,-0.93810153106454
29,2,1.00454848275477,-0.799231129807818
29,2,0.864279746369154,-0.792474824891805
29,2,1.13210655255595,0.721084545448468
30,2,1.15188529306286,1.01249183201376
30,2,1.39050154182544,0.995424648883887
30,2,0.100837954788396,1.49170070333363
30,2,-0.0986257091962967,1.40630131173405
30,2,-0.204602651465726,1.39610451543289
30,2,-0.963608708622973,0.653318100562088
30,2,-1.06049585283256,0.394899889778494
30,2,-1.34650436055715,-0.447802392925114
30,2,-1.22753763098939,-0.638685088241485
30,2,-1.02476990824736,-0.871173607950693
30,2,-0.573537748892614,-0.882271897324813
30,2,0.789086102997758,-1.07534258885718
30,2,0.821116871927242,-0.956482769814575
30,2,1.03101395263168,-0.80216713689749
30,2,0.864876762496049,-0.843917222707271
30,2,1.1465784262473,0.751701682631164
31,2,1.16225172632242,1.0211493465732
31,2,1.4101757180774,1.02940554057342
31,2,0.0808811349310506,1.51260849108817
31,2,-0.0705710811249183,1.43667511789266
31,2,-0.214718919761844,1.40350622012408
31,2,-0.980901728609817,0.661673804140004
31,2,-1.06553001496986,0.388929673400184
31,2,-1.35734188143119,-0.466121757961272
31,2,-1.25750435989308,-0.638872993242868
31,2,-1.03977119345696,-0.873960991074067
31,2,-0.591235530532077,-0.884340227261152
31,2,0.838763347315319,-1.04954733292515
31,2,0.821072306830015,-0.978132916927563
31,2,1.05488866046505,-0.806939543241712
31,2,0.864756251070572,-0.906240988725495
31,2,1.16149713919872,0.785110269526214
32,2,1.17387848980733,1.02796340250857
32,2,1.42669199795353,1.0627229897381
32,2,0.0570565474421002,1.53148474764643
32,2,-0.0418185010538809,1.46850098617823
32,2,-0.219018490656753,1.41227061202968
32,2,-0.998565014960416,0.668601372748943
32,2,-1.07016005415018,0.3841873833527
32,2,-1.3673997880069,-0.485427008450188
32,2,-1.2883775265781,-0.636807668727918
32,2,-1.05520820026869,-0.876023485040311
32,2,-0.609716072311662,-0.886225433798642
32,2,0.87329882034984,-0.995526386792119
32,2,0.830317952948502,-1.00941401945436
32,2,1.07657283208065,-0.813406814448553
32,2,0.851943176613387,-0.996365147384817
32,2,1.17681930626954,0.821789295351105
33,2,1.18672515718857,1.03244319236995
33,2,1.44019506896118,1.09514342943186
33,2,0.0255590901816097,1.54497492953999
33,2,-0.00538685168239922,1.50664751446615
33,2,-0.219203358629254,1.42240246911039
33,2,-1.01650294433331,0.674152038309204
33,2,-1.07448695469277,0.380622402239732
33,2,-1.37653433568866,-0.506069095468488
33,2,-1.32064888271166,-0.631198332781429
33,2,-1.07109211048175,-0.877364091825352
33,2,-0.628990906929386,-0.887926517618421
33,2,0.856203411070482,-0.950425530745697
33,2,0.864593374303252,-1.04171097088012
33,2,1.09618782688984,-0.821530613923353
33,2,0.836215287154435,-0.987573325772383
33,2,1.19249290294473,0.862600344496134
34,2,1.20081270730046,1.03341835496414
34,2,1.45079538613619,1.12643308492957
34,2,0.0289691769590135,1.53731156770256
34,2,-0.022367053930645,1.57390544432394
34,2,-0.216010982225674,1.43396847338271
34,2,-1.0346465838076,0.678349068619448
34,2,-1.07859577855071,0.378200038969811
34,2,-1.38449700718358,-0.528803135925541
34,2,-1.35518698719951,-0.619281355864481
34,2,-1.08743755363294,-0.877978937371161
34,2,-0.649073487583369,-0.889441384887296
34,2,0.836121594383085,-0.931458968510649
34,2,0.898008676979245,-1.06319997025358
34,2,1.1137475622914,-0.831206869458246
34,2,0.879170501541984,-0.944588827026081
34,2,1.20840845737435,0.909345662388421
35,2,1.2164742664957,1.02692576709256
35,2,1.4585750864717,1.15634461140351
35,2,0.0498053474704426,1.55552933999762
35,2,-0.0672210028489756,1.60191791514634
35,2,-0.20966551246783,1.44723877515381
35,2,-1.05295885903835,0.681177285007415
35,2,-1.08256082604886,0.376899779176996
35,2,-1.39083518315065,-0.556565420062941
35,2,-1.39359711206753,-0.590250397866878
35,2,-1.10426504933689,-0.877855353848382
35,2,-0.669979481569752,-0.890766793585662
35,2,0.824129619162784,-0.922050757599236
35,2,0.930665200354047,-1.07967140489582
35,2,1.12932243614166,-0.84235605658039
35,2,0.900312656182184,-0.894748187314872
35,2,1.22404695182222,0.967703475928038
36,2,1.24160256452138,1.05082076163579
36,2,1.46357811641284,1.18461461876846
36,2,0.0633077712951308,1.57609409450552
36,2,-0.10397678624906,1.62432301976847
36,2,-0.200259278391113,1.46274813896944
36,2,-1.07137637142167,0.682646427221297
36,2,-1.08644965251484,0.376714442867863
36,2,-1.41720132290778,-0.575970859573207
36,2,-1.35564915787018,-0.593735779929871
36,2,-1.12160780274653,-0.876967152916959
36,2,-0.691727339696096,-0.891898356233952
36,2,0.817425744470092,-0.915678000712971
36,2,0.962957250613267,-1.09316947747855
36,2,1.14295420903839,-0.854993625945651
36,2,0.912670145915879,-0.852204620503425
36,2,1.22845899465662,0.985499430086366
37,2,1.26117130000096,1.09896752987429
37,2,1.46570311710858,1.21103782335865
37,2,0.0727448633019165,1.59715232795726
37,2,-0.137225696500954,1.64316854056352
37,2,-0.187958603295872,1.4812424274352
37,2,-1.0898370168737,0.682756575232966
37,2,-1.09032645122189,0.377649655829291
37,2,-1.43799455643305,-0.585211875235241
37,2,-1.33588348077817,-0.636604177047773
37,2,-1.13952518430741,-0.875263180153577
37,2,-0.714339398176945,-0.892830492432917
37,2,0.814401993992224,-0.911048598680965
37,2,0.995154963567336,-1.10434374689679
37,2,1.15467627633715,-0.86916364069538
37,2,0.922980173965884,-0.815360178279599
37,2,1.24252679186687,0.971383450071052
38,2,1.28092603105095,1.14074069469428
38,2,1.46462548194116,1.23543029326019
38,2,0.0792319148725895,1.61819572814505
38,2,-0.168232878781552,1.65842749791218
38,2,-0.173167419744054,1.50361547315603
38,2,-1.10827120108853,0.68150715288362
38,2,-1.09425488079339,0.379723926094961
38,2,-1.45552038912883,-0.596091741074375
38,2,-1.3254693134096,-0.675467963436987
38,2,-1.158111747323,-0.872656223337766
38,2,-0.737842215443475,-0.893556328181576
38,2,0.814318870475308,-0.907645385769553
38,2,1.02745378108687,-1.11340885436585
38,2,1.16451733977854,-0.884970405264539
38,2,0.933132702322132,-0.783026839165826
38,2,1.25857502914137,0.967866002985412
39,2,1.30192006287407,1.17985950434237
39,2,1.45973599100209,1.25748329291525
39,2,0.0832712851042379,1.63897664120504
39,2,-0.197031477548884,1.66971792782742
39,2,-0.156689509183997,1.53073563646853
39,2,-1.12658671554054,0.678914282005169
39,2,-1.09830083309115,0.382969177164208
39,2,-1.47111626223367,-0.608152969233339
39,2,-1.3189925739449,-0.712452132799532
39,2,-1.17751618765924,-0.869011592188269
39,2,-0.762266156829853,-0.894067837267688
39,2,0.816750586742978,-0.905195086834283
39,2,1.06000695658978,-1.12035469705193
39,2,1.17248355484689,-0.902648348165698
39,2,0.943672706604169,-0.754506759340145
39,2,1.27564732927119,0.970039252017093
40,2,1.32508221120202,1.21786025559973
40,2,1.44981693377175,1.27660687201524
40,2,0.0850718639356247,1.6593303429333
40,2,-0.22292263341309,1.67688362902022
40,2,-0.13973148507238,1.5630588027185
40,2,-1.14471401488928,0.67494105798433
40,2,-1.10253553547105,0.387432025135386
40,2,-1.48522234044573,-0.621198965911345
40,2,-1.31403725738227,-0.748969644855642
40,2,-1.19799330068573,-0.864110829326765
40,2,-0.787645477703498,-0.894355766405622
40,2,0.821426904161118,-0.903539433138533
40,2,1.09294383575625,-1.12498435480613
40,2,1.17855804213562,-0.922592743738375
40,2,0.954694516124907,-0.72931006752781
40,2,1.29344562516334,0.976251254662636
41,2,1.35233727246583,1.25616457960061
41,2,1.43175573035648,1.29136102111285
41,2,0.0846411113511636,1.67912790266935
41,2,-0.244898536017893,1.68047634562523
41,2,-0.123434799903283,1.60018225891507
41,2,-1.16257687965825,0.669530091249546
41,2,-1.10703959673643,0.393176327798239
41,2,-1.4980278841173,-0.635131828371985
41,2,-1.30829446961511,-0.786628155128724
41,2,-1.22006940021727,-0.857550110929758
41,2,-0.814018514315701,-0.894409598501287
41,2,0.828168745541056,-0.902586524122375
41,2,1.12637192280102,-1.12686153943396
41,2,1.1827110383903,-0.945466129192858
41,2,0.966153048934361,-0.707027305215634
41,2,1.3118260314711,0.985696146463565
42,2,1.38407557418766,1.29214796652121
42,2,1.40499668658915,1.30679223551327
42,2,0.0817982002200352,1.69827855699091
42,2,-0.262353655610257,1.68176019704458
42,2,-0.108189979685344,1.64082265167198
42,2,-1.18008426709174,0.662603269100802
42,2,-1.11190867286907,0.400287202227113
42,2,-1.50960669255302,-0.649903284781305
42,2,-1.29636056908341,-0.828546802769172
42,2,-1.24543739529397,-0.848363934439397
42,2,-0.841427764193242,-0.894217772516463
42,2,0.836855215884377,-0.902289840653391
42,2,1.16033989727998,-1.12512299782961
42,2,1.1849589065481,-0.972461009158976
42,2,0.977959695430234,-0.687326228669837
42,2,1.33070152932995,0.997922689481227
43,2,1.36928068150128,1.3056227333563
43,2,1.45698830871234,1.35775608222637
43,2,0.0761480904248582,1.71673367015708
43,2,-0.275483276487074,1.68210500593815
43,2,-0.0931110219536138,1.68349038589112
43,2,-1.19712244631776,0.65405524897944
43,2,-1.11726197827735,0.408877131549092
43,2,-1.51994957596549,-0.665498607241018
43,2,-1.2499253963942,-0.833722914559064
43,2,-1.28348325157312,-0.850169003417518
43,2,-0.869919940041894,-0.893769345664853
43,2,0.847401909399068,-0.902639299287296
43,2,1.19461182554864,-1.11789611414294
43,2,1.1856709892639,-1.00607360940138
43,2,0.990022539957947,-0.669932583265028
43,2,1.34997081328914,1.01268297444206
44,2,1.36373961883021,1.32365468026605
44,2,1.49246449751047,1.39808176871085
44,2,0.0669683186784288,1.73454382088733
44,2,-0.284983368618703,1.68244490378529
44,2,-0.0761799308745845,1.72702363868136
44,2,-1.2135583724876,0.643718882176778
44,2,-1.12325598588667,0.419095453096872
44,2,-1.52896384884842,-0.681951236676639
44,2,-1.24971204796415,-0.787069171388576
44,2,-1.30755555487874,-0.867933389865336
44,2,-0.89955338717238,-0.893054687435414
44,2,0.859738634041094,-0.903656602009367
44,2,1.22673909450795,-1.09997307006331
44,2,1.18812049170967,-1.05317038892669
44,2,1.00226542038516,-0.654606882608296
44,2,1.36946360246405,1.02985013878022
45,2,1.36169441448094,1.34255485173409
45,2,1.52148425396168,1.43419214433044
45,2,0.0528602693255163,1.75206644972683
45,2,-0.291592903609222,1.68322353924328
45,2,-0.0541913934405801,1.77031628789703
45,2,-1.22918998587913,0.631388448620479
45,2,-1.1301083175919,0.431143373326194
45,2,-1.53652488341173,-0.699314134169797
45,2,-1.25944635984098,-0.750168632610559
45,2,-1.32981859723159,-0.881191025211062
45,2,-0.930390153092119,-0.892058234723689
45,2,0.873773509076854,-0.905376486629337
45,2,1.22798252213045,-1.07060466966142
45,2,1.23021238945239,-1.11473056267053
45,2,1.01463924631209,-0.641136894329488
45,2,1.38902038774227,1.04933361561201
46,2,1.36192379041986,1.3615578112787
46,2,1.54631305476756,1.46747671699347
46,2,0.0304705693082313,1.77118697735014
46,2,-0.295867826366607,1.68458731866713
46,2,-0.0208338514202654,1.81006270108261
46,2,-1.2437019155981,0.61679853940714
46,2,-1.13814221250109,0.445302306559769
46,2,-1.54248130125808,-0.717643579152801
46,2,-1.27318431433853,-0.717495196764217
46,2,-1.35241811147792,-0.891713837372598
46,2,-0.962487745457211,-0.890765353051503
46,2,0.889415245675335,-0.907800080639949
46,2,1.21128653252845,-1.07827724757142
46,2,1.29496022502091,-1.12690731842625
46,2,1.02713447860443,-0.629362601469009
46,2,1.40850526513746,1.07106661973902
47,2,1.36392649103062,1.38033664017075
47,2,1.56796487578599,1.49854432792186
47,2,-0.00268105749991725,1.81166382676452
47,2,-0.298135068306716,1.68657332741215
47,2,0.0284393830583363,1.81310408467096
47,2,-1.25658347364482,0.599568601782548
47,2,-1.14787544919621,0.462002522732267
47,2,-1.54664808021676,-0.737022922630811
47,2,-1.28986169097931,-0.687588104801199
47,2,-1.37592366426361,-0.899892361614208
47,2,-0.995905113622273,-0.889165364719705
47,2,0.906650758975592,-0.910960770129599
47,2,1.20557119975781,-1.09502615830605
47,2,1.34429318265414,-1.12650553065452
47,2,1.03974330051733,-0.619173754793707
47,2,1.42779813748422,1.09500678192777
48,2,1.36745831862483,1.39871080116206
48,2,1.58700381229879,1.52772170904807
48,2,0.000531859706829043,1.86749000466184
48,2,-0.298557329808617,1.68925375548869
48,2,0.0148409443432974,1.78941775287831
48,2,-1.26690281290666,0.579133438077709
48,2,-1.16026705016919,0.481837276454084
48,2,-1.54879003424491,-0.757606774170343
48,2,-1.30907808797149,-0.660002712266739
48,2,-1.400745115415,-0.905692101420296
48,2,-1.03070842902702,-0.887252395569153
48,2,0.925469665031534,-0.914930339109342
48,2,1.20540320815335,-1.11300197067335
48,2,1.3853731036671,-1.1238290065884
48,2,1.05245438347204,-0.610469214685016
48,2,1.44678662680045,1.12113758156736
49,2,1.37240001484599,1.41655983688413
49,2,1.60377994771307,1.55519807092957
49,2,0.00981779334275675,1.90810726260987
49,2,-0.297277024781617,1.69268841578549
49,2,-0.0107078010903675,1.79015307899282
49,2,-1.27262921976062,0.554646640060674
49,2,-1.17742156876489,0.505667780603219
49,2,-1.54856782010217,-0.779718962498446
49,2,-1.33053708156593,-0.634671838784035
49,2,-1.42738304326892,-0.908745214196
49,2,-1.06697822312176,-0.885025092435957
49,2,0.945848750482995,-0.919787894888701
49,2,1.20850934093542,-1.13085787620634
49,2,1.42120362376835,-1.12062581651144
49,2,1.06526296685505,-0.603158776665481
49,2,1.46535831585552,1.14947032538467
50,2,1.3787085282978,1.43378780316786
50,2,1.61852345066763,1.58108186181023
50,2,0.0177948189148356,1.94206288493773
50,2,-0.2943484596173,1.69692224896869
50,2,-0.0357777679967186,1.80093835043911
50,2,-1.26769494642363,0.525628656386934
50,2,-1.20562277301898,0.533959612762755
50,2,-1.54537217943568,-0.804106074885784
50,2,-1.35390119220941,-0.611649109594512
50,2,-1.45667902446255,-0.908124246237268
50,2,-1.10481894364703,-0.882485287262384
50,2,0.967758894249396,-0.925613398459232
50,2,1.21379993402062,-1.14817520861736
50,2,1.45323219397309,-1.11742182206581
50,2,1.07817096397408,-0.597164616918469
50,2,1.4833926462362,1.18004772445645
51,2,1.38639840500447,1.45030415655507
51,2,1.63138874191784,1.60542618988259
51,2,0.024069031269288,1.97200178134006
51,2,-0.289754657695202,1.70204536935671
51,2,-0.0597331470463439,1.81724071688498
51,2,-1.23579879585997,0.512314548174558
51,2,-1.26170359166354,0.545815879700127
51,2,-1.53768785712837,-0.832941762106306
51,2,-1.37877858749566,-0.590965020081715
51,2,-1.49059906606942,-0.901150055297851
51,2,-1.14437453383143,-0.879634331190742
51,2,0.991170594317812,-0.932487874576561
51,2,1.22066471718209,-1.16476851743488
51,2,1.48227957578064,-1.11441930138704
51,2,1.09118560250657,-0.592419966070638
51,2,1.50075056493556,1.21294992330952
52,2,1.39553900964192,1.46600995159383
52,2,1.64247735571131,1.6282401566154
52,2,0.0286941595409026,1.99907410519115
52,2,-0.283445107995372,1.7082114914433
52,2,-0.0827270095486362,1.8369590804863
52,2,-1.21949334510187,0.539211919120017
52,2,-1.30171764430223,0.515929882773963
52,2,-1.54008972468283,-0.875902659375267
52,2,-1.40475721665014,-0.572562295391074
52,2,-1.5113611716573,-0.875973802606266
52,2,-1.18585128054974,-0.876474626134474
52,2,1.01605775327566,-0.940495886823397
52,2,1.22872380937819,-1.18053723194102
52,2,1.50886081587555,-1.11170591229961
52,2,1.10431816752461,-0.588867101364336
52,2,1.51725977516288,1.24830433406786
53,2,1.4062647737668,1.4807840124902
53,2,1.65184999570047,1.64949216398015
53,2,0.0317690158009599,2.02391063375751
53,2,-0.275369665162258,1.71564678157315
53,2,-0.104998345300339,1.85877539018865
53,2,-1.22193988540206,0.564432462362176
53,2,-1.32239670931815,0.487571708375206
53,2,-1.58138239804119,-0.872096437068461
53,2,-1.43148310486094,-0.556269345637598
53,2,-1.48369068346254,-0.907324493976349
53,2,-1.2295948558265,-0.873056145560229
53,2,1.04240024408216,-0.949729192896142
53,2,1.23772378672874,-1.19541329479589
53,2,1.53332064949797,-1.10932166885726
53,2,1.11758297936764,-0.586455359416906
53,2,1.53269080177839,1.28630201536385
54,2,1.41880365465026,1.4944643236602
54,2,1.65953201178334,1.66910692484744
54,2,0.0333860801719287,2.04690764520908
54,2,-0.265515967756764,1.72464968366547
54,2,-0.126767059145089,1.88166893324704
54,2,-1.23098790087697,0.584962009894308
54,2,-1.33628563291701,0.463864123629197
54,2,-1.60979792271584,-0.871727322439855
54,2,-1.45871445014736,-0.541839253916656
54,2,-1.47103176613811,-0.933660532581654
54,2,-1.27621811409677,-0.869604592973579
54,2,1.07018641929909,-0.960289721348379
54,2,1.24748702278641,-1.20933942256868
54,2,1.55589920996134,-1.10728494483386
54,2,1.13099654001843,-0.585139398526653
54,2,1.54671319971583,1.32722577944233
55,2,1.43354288510844,1.50681732674775
55,2,1.6655135265865,1.686955332456
55,2,0.0336268738383903,2.06833583874874
55,2,-0.253947923722118,1.73557477632256
55,2,-0.148104989745186,1.90477764472231
55,2,-1.24326816847135,0.601862615381651
55,2,-1.34683429423658,0.443776312983686
55,2,-1.63334366338119,-0.873027137475126
55,2,-1.48630197078847,-0.529058280518063
55,2,-1.46342464584656,-0.957088094080676
55,2,-1.32663715405849,-0.866744262012364
55,2,1.09941886528969,-0.97228478055012
55,2,1.25788448934713,-1.22225776906734
55,2,1.57676713535752,-1.10560398640204
55,2,1.14457677465136,-0.584877786083478
55,2,1.55880448780179,1.37150082156373
56,2,1.45119414526047,1.51748037183311
56,2,1.669742811019,1.70283333774419
56,2,0.0325658662843683,2.088384811958
56,2,-0.240817977462085,1.74880233649734
56,2,-0.168940911514139,1.92734930547447
56,2,-1.25745255007835,0.61587120843248
56,2,-1.35541412618709,0.426549885413547
56,2,-1.65376298327242,-0.875380388927127
56,2,-1.51414822593281,-0.517763612231855
56,2,-1.45854879294367,-0.978110563850232
56,2,-1.38189172850347,-0.865947016446831
56,2,1.1301049958123,-0.985858980939823
56,2,1.2688213452272,-1.23409876707173
56,2,1.59604553235836,-1.10428257775621
56,2,1.15834232414658,-0.585631936051271
56,2,1.56802695458874,1.41979139715281
57,2,1.47331206971033,1.52585306676793
57,2,1.67210609038037,1.71642040653088
57,2,0.0302716415468633,2.10718674921196
57,2,-0.22635501693747,1.76469581455317
57,2,-0.189059268375141,1.9487583776301
57,2,-1.27287499872252,0.627469565526329
57,2,-1.36271645113404,0.411683430973087
57,2,-1.67177365252387,-0.878477119431285
57,2,-1.54218496180665,-0.507831590475708
57,2,-1.4555117199836,-0.996638385538722
57,2,-1.44213993099031,-0.869693074898353
57,2,1.16226124527693,-1.00119726253441
57,2,1.28022907311639,-1.24477003384594
57,2,1.61381762184156,-1.10332317673815
57,2,1.17231187258639,-0.587365354859406
57,2,1.57232648346735,1.47318472138602
58,2,1.50484018210779,1.53122329058311
58,2,1.67236794806319,1.72719910664026
58,2,0.0268021119298386,2.124834663119
58,2,-0.210934520115136,1.78352896428614
58,2,-0.208122461826111,1.96853843160824
58,2,-1.28914973548463,0.636984529199549
58,2,-1.36914418197837,0.398834758920133
58,2,-1.68767905238207,-0.88213299381828
58,2,-1.57036195226474,-0.499164415930884
58,2,-1.45429206412487,-1.01261467031771
58,2,-1.50573466583192,-0.879511931681098
58,2,1.19591416296593,-1.01853847650395
58,2,1.29205036622614,-1.25416810902462
58,2,1.63013532884162,-1.1027289974297
58,2,1.18650351881854,-0.590042937163232
58,2,1.56505132570693,1.53307890400144
59,2,1.56203969061448,1.55830179623858
59,2,1.67001066829438,1.7343787118944
59,2,0.0222052564701069,2.1413822907728
59,2,-0.19499202396187,1.80547810615903
59,2,-0.225714387781961,1.98640137851194
59,2,-1.30605583433134,0.64459544226972
59,2,-1.3749567152238,0.3877620655362
59,2,-1.70146920555076,-0.886246593207664
59,2,-1.59863931543417,-0.491679469633288
59,2,-1.45508267854958,-1.02648218575666
59,2,-1.57184335407682,-0.893971927227677
59,2,1.23109779426383,-1.03819872567698
59,2,1.30423977969002,-1.26215624130902
59,2,1.64502223658281,-1.10250281068785
59,2,1.20093478969166,-0.593624967806687
59,2,1.52411340873179,1.56591356549763
60,2,1.59163581020482,1.62065559396007
60,2,1.66421148410383,1.73671705760468
60,2,0.0165165199244302,2.15684596364894
60,2,-0.178982755934448,1.83062662653154
60,2,-0.241390813441137,2.00223338339421
60,2,-1.32343571124264,0.650444112091896
60,2,-1.38033392118552,0.378290692863354
60,2,-1.71254803329924,-0.89088566446463
60,2,-1.62698108243692,-0.48530411077708
60,2,-1.45780119698048,-1.03880099296978
60,2,-1.64448834049741,-0.910041047188574
60,2,1.26784317161325,-1.06062732234525
60,2,1.31678455907888,-1.26852742661915
60,2,1.65847457062937,-1.10265421645873
60,2,1.21562098694721,-0.598080898156823
60,2,1.5238971505173,1.55391705694845
61,2,1.61255487292741,1.67935534391454
61,2,1.65207089761533,1.72971549737547
61,2,0.00975541443873513,2.17120374473809
61,2,-0.163333354271437,1.85898315563845
61,2,-0.254696643721759,2.01606675527729
61,2,-1.34116342481792,0.654654677674874
61,2,-1.3854083775801,0.370293182495472
61,2,-1.71904048085086,-0.902417033032159
61,2,-1.65535117705987,-0.479973970837629
61,2,-1.46223336876469,-1.04992540031371
61,2,-1.73600859742216,-0.887903891404908
61,2,1.30614844566242,-1.08649211984198
61,2,1.32970984963893,-1.27297008438808
61,2,1.67045891092551,-1.10320518249074
61,2,1.23057497751727,-0.603384463327026
61,2,1.5405591135381,1.55459239203461
62,2,1.63446614507106,1.70608023069311
62,2,1.63168323932593,1.76733474888623
62,2,0.00191924207711399,2.18439159919347
62,2,-0.148430673051911,1.89051358500815
62,2,-0.26518593946078,2.02805508018862
62,2,-1.3591412595079,0.657318182722228
62,2,-1.39028322659964,0.363676690880676
62,2,-1.73979915768991,-0.92052486580747
62,2,-1.68371320376588,-0.475630860096274
62,2,-1.46820559604725,-1.06002638844885
62,2,-1.73422775546249,-0.82871554797432
62,2,1.34588501431169,-1.11685696315549
62,2,1.34312447415863,-1.27498088201431
62,2,1.68090748938317,-1.10418932835509
62,2,1.24580838059595,-0.609507806355649
62,2,1.56226207249337,1.56350057745569
63,2,1.63454021018139,1.70705231291611
63,2,1.64436682594465,1.84021675644702
63,2,-0.00703241613685253,2.19629501442816
63,2,-0.134616932399711,1.92517394698206
63,2,-0.272422815942344,2.03845504371869
63,2,-1.3772894254887,0.658500189865066
63,2,-1.3950428948644,0.358374926400224
63,2,-1.75983572612446,-0.935292585050525
63,2,-1.71203435573282,-0.472235260389663
63,2,-1.47561352959706,-1.06920876487629
63,2,-1.72959314918102,-0.791509292051936
63,2,1.38645442567686,-1.15361233890491
63,2,1.35737945399259,-1.27366207392097
63,2,1.6897129158956,-1.10566853012951
63,2,1.26133055020144,-0.61642718806122
63,2,1.58719365539637,1.57959543658313
64,2,1.63285486868064,1.70807335862221
64,2,1.65609458574896,1.9019058608937
64,2,-0.0171557136861848,2.20671684333998
64,2,-0.122157388821479,1.96295539842038
64,2,-0.275973352253609,2.047623778535
64,2,-1.39553939532208,0.658245631661816
64,2,-1.39975991530107,0.354343028889493
64,2,-1.77863374841576,-0.9492138008489
64,2,-1.74027757280175,-0.469768565809646
64,2,-1.48437782580476,-1.0775582872225
64,2,-1.72563997126455,-0.760947286642021
64,2,1.42520820458053,-1.20055843189286
64,2,1.37377820762774,-1.26721552271853
64,2,1.69673139931908,-1.10775587362039
64,2,1.27714869114122,-0.624124563782852
64,2,1.61508368916049,1.6047298283159
65,2,1.63013659577697,1.70078071795903
65,2,1.66710766955964,1.95833083359226
65,2,-0.028549556450814,2.21533031000952
65,2,-0.111231077472443,2.0039374055951
65,2,-0.275396361761012,2.05603712291248
65,2,-1.41382925009334,0.656581854160757
65,2,-1.40449969623374,0.351554445846107
65,2,-1.79627569503812,-0.962760082598334
65,2,-1.7683969213076,-0.468224411423806
65,2,-1.49444128750136,-1.08514318721182
65,2,-1.72221882474753,-0.733887097029631
65,2,1.44778552083434,-1.26309080063715
65,2,1.39890315098883,-1.25307029598781
65,2,1.70182375069021,-1.11063411924837
65,2,1.29326852814304,-0.632590443656239
65,2,1.64473471218456,1.64568027745784
66,2,1.66319124646947,1.68694444711043
66,2,1.67764695677282,2.01141627238479
66,2,-0.0414087093203347,2.22156473550877
66,2,-0.101939227741412,2.0484079526587
66,2,-0.270248112096059,2.06432270092537
66,2,-1.43210009465052,0.65352031910974
66,2,-1.40932421250566,0.349999141790185
66,2,-1.81282237424164,-0.976110520835266
66,2,-1.79633509311442,-0.467600996878887
66,2,-1.50576645691427,-1.09201828648195
66,2,-1.71923365275362,-0.709000403188734
66,2,1.42813313257185,-1.30888064589044
66,2,1.44456682191306,-1.24566295023295
66,2,1.70490657680307,-1.1144937516201
66,2,1.30969788639316,-0.641827184972246
66,2,1.62502531588512,1.6984396539238
67,2,1.69511324466931,1.72091185328352
67,2,1.68787104058551,2.06202411232227
67,2,-0.0561157916343204,2.22426440851151
67,2,-0.0940948400404919,2.09732344593437
67,2,-0.260139503037778,2.07332045212461
67,2,-1.45029294020541,0.649057245447278
67,2,-1.41429522087334,0.34968288866659
67,2,-1.82830995256574,-0.989352579562219
67,2,-1.82402359698593,-0.467891867916959
67,2,-1.51833353894314,-1.09822816044524
67,2,-1.7166695259654,-0.685567547480754
67,2,1.40911417854061,-1.31865564680441
67,2,1.49159569564389,-1.25352265286204
67,2,1.70577830277882,-1.11953765932698
67,2,1.32645139176218,-0.651841949473388
67,2,1.60689852988439,1.68710675222738
68,2,1.71340860630791,1.75190357944084
68,2,1.697885973809,2.1106313339086
68,2,-0.0735839836947759,2.2200160635419
68,2,-0.0866251763382402,2.15468122570735
68,2,-0.244790579343679,2.08412862687072
68,2,-1.46834559848594,0.643173287290645
68,2,-1.4194774715003,0.350627546080502
68,2,-1.84275467648338,-1.00253572801697
68,2,-1.85138757731811,-0.469076576266537
68,2,-1.53213934700003,-1.10380943478614
68,2,-1.71456169278979,-0.663159503472689
68,2,1.40199243932932,-1.31742137278837
68,2,1.53520280662087,-1.26504040142331
68,2,1.70405461228309,-1.12620402947461
68,2,1.34354350798332,-0.662645762795282
68,2,1.60756095891888,1.68155961941325
69,2,1.7257892048697,1.77987422702394
69,2,1.70775667261292,2.15753589491889
69,2,-0.071638648345402,2.23045233946527
69,2,-0.111781521847664,2.18794215541659
69,2,-0.224054229243791,2.09813906808753
69,2,-1.48618913734063,0.635832196574707
69,2,-1.42494238030103,0.352872389433197
69,2,-1.8561553956532,-1.01569105630423
69,2,-1.8783552654981,-0.471114874879464
69,2,-1.5471973260046,-1.10879246574978
69,2,-1.71296499605708,-0.641521167666705
69,2,1.40301092205021,-1.31250883400571
69,2,1.5774308318106,-1.27630593113872
69,2,1.69927560444446,-1.13528757337678
69,2,1.36098704880029,-0.674249606634432
69,2,1.61629331513821,1.68161829163626
70,2,1.73429944430164,1.80512730736808
70,2,1.71751439569827,2.20295029516678
70,2,-0.0671100976832169,2.2725691320401
70,2,-0.146482665001558,2.17026965552589
70,2,-0.19640860881337,2.11793030804745
70,2,-1.50374332305133,0.626978255453772
70,2,-1.43077275441098,0.35647671137242
70,2,-1.86849407864915,-1.02883982597665
70,2,-1.90486875154577,-0.473947729280161
70,2,-1.56353872544734,-1.11320260764213
70,2,-1.71192753503036,-0.620512026678401
70,2,1.40986010472992,-1.30594463962005
70,2,1.61965608592313,-1.28534332790082
70,2,1.69099956253305,-1.14818538655141
70,2,1.3787928646837,-0.686670964360505
70,2,1.6302463366366,1.68668892760723
71,2,1.73983448867256,1.82767343155965
71,2,1.72717259353464,2.24703956958462
71,2,-0.068168329872456,2.30767553035705
71,2,-0.157379261688151,2.14077970950479
71,2,-0.186722484269904,2.1631052828242
71,2,-1.52091015798521,0.616532036849326
71,2,-1.43706948902136,0.361524155102762
71,2,-1.8797345959758,-1.04199760588865
71,2,-1.93089111996674,-0.477504821817649
71,2,-1.58121515525112,-1.1170612366792
71,2,-1.71147383609519,-0.600064024054114
71,2,1.42130997672787,-1.29840138612911
71,2,1.66247770849789,-1.28992196364949
71,2,1.67916750467063,-1.16743355335933
71,2,1.39696906542183,-0.699934413612423
71,2,1.64817640526438,1.69662096489667
72,2,1.74286494746617,1.84725692103971
72,2,1.73673489160828,2.28993847793185
72,2,-0.0720656448439285,2.33838748821335
72,2,-0.121464343135734,2.14381479532104
72,2,-0.226219674871541,2.17798535635748
72,2,-1.53756393882619,0.604383682395393
72,2,-1.44396185912443,0.36812961768868
72,2,-1.8898196231983,-1.05517633177979
72,2,-1.95640721983441,-0.481714476620119
72,2,-1.60030303277967,-1.12038669742515
72,2,-1.71160037308882,-0.580148396041679
72,2,1.43680846599301,-1.29005793558838
72,2,1.70471416682823,-1.28661851082886
72,2,1.66566790324202,-1.19742746797719
72,2,1.41551885178594,-0.714069882700493
72,2,1.66943321700512,1.71165665653015
73,2,1.74366461565543,1.8632747916181
73,2,1.74619902155354,2.33176132386215
73,2,-0.0777362296737316,2.36545476982388
73,2,-0.0928833785033806,2.15348956693612
73,2,-0.254052813737923,2.19126139969557
73,2,-1.55353476515962,0.590382225234553
73,2,-1.45162365664475,0.376450879961065
73,2,-1.89866500109982,-1.06838516168924
73,2,-1.98141928270648,-0.486511578761117
73,2,-1.62091091108337,-1.12319538163985
73,2,-1.71228062442001,-0.560752394368318
73,2,1.45640773087051,-1.28091605460852
73,2,1.74036100173408,-1.27253821074488
73,2,1.65837954834342,-1.24197376976825
73,2,1.43443888868368,-0.729106863925057
73,2,1.69363878636983,1.7325369051259
74,2,1.74245475057237,1.87445619013225
74,2,1.75556192206673,2.37260765300399
74,2,-0.0845115463596263,2.38934683818334
74,2,-0.0672093883998651,2.16709979847435
74,2,-0.276463296429945,2.2052771720831
74,2,-1.56857889689655,0.574318227099001
74,2,-1.46029704830243,0.38671123345366
74,2,-1.90615007237333,-1.08163033023355
74,2,-2.00594060462052,-0.491841593585971
74,2,-1.64319160230729,-1.12550328999813
74,2,-1.7134739917936,-0.541866032305973
74,2,1.48076111437211,-1.27120071931228
74,2,1.76183993127143,-1.25332223577539
74,2,1.66689402694286,-1.29350923731451
74,2,1.45372525640022,-0.74506854332226
74,2,1.7204899805516,1.76093863169007
75,2,1.73984621803829,1.87760674202569
75,2,1.7648216008307,2.41256564797133
75,2,-0.0919492146187383,2.41040741158737
75,2,-0.0435866019480034,2.18392865626013
75,2,-0.295156312664389,2.22028449131777
75,2,-1.58232016670744,0.555894557380724
75,2,-1.47036813381091,0.399219280265826
75,2,-1.912100882252,-1.09491365041543
75,2,-2.02998988009657,-0.49766125580545
75,2,-1.6673629708809,-1.12732881215256
75,2,-1.71513412649217,-0.523476439452832
75,2,1.5104340309545,-1.26170889401096
75,2,1.77197733287372,-1.23769141556737
75,2,1.68715305567772,-1.34007555151562
75,2,1.47338684938972,-0.761980439622097
75,2,1.74914385892813,1.80120954938455
76,2,1.74881131555347,1.85931152983801
76,2,1.77397939451716,2.45171342779122
76,2,-0.0997490554929791,2.42890092921107
76,2,-0.0217696395352189,2.20355601226412
76,2,-0.31090900759543,2.23632804020859
76,2,-1.59411698537906,0.534678094315278
76,2,-1.48249704338415,0.414424783011617
76,2,-1.91625932807607,-1.10822831024514
76,2,-2.05358723264852,-0.50393739053349
76,2,-1.69374591350179,-1.12869854745365
76,2,-1.71721482593009,-0.505566636365652
76,2,1.54534647412035,-1.25321097565837
76,2,1.77640560573697,-1.22723142174715
76,2,1.71178521591989,-1.37912458755752
76,2,1.49344954577225,-0.779885159469646
76,2,1.7616498565375,1.87184812432913
77,2,1.79564023614468,1.8892236918351
77,2,1.78304107723129,2.49011357168466
77,2,-0.107698859987444,2.4450383473858
77,2,-0.00171367611984429,2.22567110777392
77,2,-0.324147533044528,2.25341619291082
77,2,-1.60271460880489,0.510015329281266
77,2,-1.49797485797011,0.433007400543523
77,2,-1.91822109706017,-1.12154773763685
77,2,-2.07675190437082,-0.510645092580135
77,2,-1.72284059880234,-1.12966144349535
77,2,-1.71967349872987,-0.488116270639024
77,2,1.58543945677644,-1.245965440306
77,2,1.77762441243984,-1.22096878690881
77,2,1.73753061235277,-1.41177390636453
77,2,1.51395344823275,-0.798843235063153
77,2,1.72162546710451,1.87642082961583
78,2,1.81715765309786,1.92614458388929
78,2,1.79201350284686,2.52781432291116
78,2,-0.115640587275525,2.45899265450823
78,2,0.0165409700607046,2.25002325719852
78,2,-0.335114584732474,2.27155542476862
78,2,-1.60503408865033,0.480998739180427
78,2,-1.51998152475786,0.455903510299949
78,2,-1.91729200137125,-1.13479239434716
78,2,-2.09950194205063,-0.517764899769068
78,2,-1.75550279732689,-1.13032986878639
78,2,-1.72247291923286,-0.471102895408229
78,2,1.63147336517398,-1.23983624128852
78,2,1.77617293006413,-1.21804283699813
78,2,1.76322269564294,-1.43923480832525
78,2,1.53495101285978,-0.818940200490335
78,2,1.71648442225085,1.87189585609371
79,2,1.83079290526693,1.95945280443276
79,2,1.8009052612898,2.56485354344424
79,2,-0.12344934818483,2.47090925271238
79,2,0.0329195390804871,2.27639032832609
79,2,-0.343934218471641,2.2907586268821
79,2,-1.58987618854833,0.449906271636794
79,2,-1.56008329359859,0.480759294594261
79,2,-1.91206996649405,-1.14770041911754
79,2,-2.12185411693098,-0.525276115783987
79,2,-1.79345778203922,-1.13103657384466
79,2,-1.72558465314793,-0.454499901521372
79,2,1.68666164971521,-1.23415643982869
79,2,1.77092874883219,-1.21809313023932
79,2,1.78842498951393,-1.46237244184162
79,2,1.55650900835304,-0.840280817601578
79,2,1.72210331237479,1.87293888125908
