2,1,0
3,1,0
15,1,0
16,1,0
1,2,0
3,2,0
4,2,0
16,2,0
1,3,0
2,3,0
4,3,0
5,3,0
2,4,0
3,4,0
5,4,0
6,4,0
3,5,0
4,5,0
6,5,0
7,5,0
4,6,0
5,6,0
7,6,0
8,6,0
5,7,0
6,7,0
8,7,0
9,7,0
6,8,0
7,8,0
9,8,0
10,8,0
7,9,0
8,9,0
10,9,0
11,9,0
8,10,0
9,10,0
11,10,0
12,10,0
9,11,0
10,11,0
12,11,0
13,11,0
10,12,0
11,12,0
13,12,0
14,12,0
11,13,0
12,13,0
14,13,0
15,13,0
12,14,0
13,14,0
15,14,0
16,14,0
1,15,0
13,15,0
14,15,0
16,15,0
1,16,0
2,16,0
14,16,0
15,16,0
2,1,1
3,1,1
15,1,1
16,1,1
1,2,1
3,2,1
4,2,1
16,2,1
1,3,1
2,3,1
4,3,1
5,3,1
2,4,1
3,4,1
5,4,1
6,4,1
3,5,1
4,5,1
6,5,1
7,5,1
4,6,1
5,6,1
7,6,1
8,6,1
5,7,1
6,7,1
8,7,1
9,7,1
6,8,1
7,8,1
9,8,1
10,8,1
7,9,1
8,9,1
10,9,1
11,9,1
8,10,1
9,10,1
11,10,1
12,10,1
9,11,1
10,11,1
12,11,1
13,11,1
10,12,1
11,12,1
13,12,1
14,12,1
11,13,1
12,13,1
14,13,1
15,13,1
12,14,1
13,14,1
15,14,1
16,14,1
1,15,1
13,15,1
14,15,1
16,15,1
1,16,1
2,16,1
14,16,1
15,16,1
2,1,2
3,1,2
15,1,2
16,1,2
1,2,2
3,2,2
4,2,2
16,2,2
1,3,2
2,3,2
4,3,2
5,3,2
2,4,2
3,4,2
5,4,2
6,4,2
3,5,2
4,5,2
6,5,2
7,5,2
4,6,2
5,6,2
7,6,2
8,6,2
5,7,2
6,7,2
8,7,2
9,7,2
6,8,2
7,8,2
9,8,2
10,8,2
7,9,2
8,9,2
10,9,2
11,9,2
8,10,2
9,10,2
11,10,2
12,10,2
9,11,2
10,11,2
12,11,2
13,11,2
10,12,2
11,12,2
13,12,2
14,12,2
11,13,2
12,13,2
14,13,2
15,13,2
12,14,2
13,14,2
15,14,2
16,14,2
1,15,2
13,15,2
14,15,2
16,15,2
1,16,2
2,16,2
14,16,2
15,16,2
2,1,3
3,1,3
15,1,3
16,1,3
1,2,3
3,2,3
4,2,3
16,2,3
1,3,3
2,3,3
4,3,3
5,3,3
2,4,3
3,4,3
5,4,3
6,4,3
3,5,3
4,5,3
6,5,3
7,5,3
4,6,3
5,6,3
7,6,3
8,6,3
5,7,3
6,7,3
8,7,3
9,7,3
6,8,3
7,8,3
9,8,3
10,8,3
7,9,3
8,9,3
10,9,3
11,9,3
8,10,3
9,10,3
11,10,3
12,10,3
9,11,3
10,11,3
12,11,3
13,11,3
10,12,3
11,12,3
13,12,3
14,12,3
11,13,3
12,13,3
14,13,3
15,13,3
12,14,3
13,14,3
15,14,3
16,14,3
1,15,3
13,15,3
14,15,3
16,15,3
1,16,3
2,16,3
14,16,3
15,16,3
2,1,4
3,1,4
15,1,4
16,1,4
1,2,4
3,2,4
4,2,4
16,2,4
1,3,4
2,3,4
4,3,4
5,3,4
2,4,4
3,4,4
5,4,4
6,4,4
3,5,4
4,5,4
6,5,4
7,5,4
4,6,4
5,6,4
7,6,4
8,6,4
5,7,4
6,7,4
8,7,4
9,7,4
6,8,4
7,8,4
9,8,4
10,8,4
7,9,4
8,9,4
10,9,4
11,9,4
8,10,4
9,10,4
11,10,4
12,10,4
9,11,4
10,11,4
12,11,4
13,11,4
10,12,4
11,12,4
13,12,4
14,12,4
11,13,4
12,13,4
14,13,4
15,13,4
12,14,4
13,14,4
15,14,4
16,14,4
1,15,4
13,15,4
14,15,4
16,15,4
1,16,4
2,16,4
14,16,4
15,16,4
2,1,5
3,1,5
15,1,5
16,1,5
1,2,5
3,2,5
4,2,5
16,2,5
1,3,5
2,3,5
4,3,5
5,3,5
2,4,5
3,4,5
5,4,5
6,4,5
3,5,5
4,5,5
6,5,5
7,5,5
4,6,5
5,6,5
7,6,5
8,6,5
5,7,5
6,7,5
8,7,5
9,7,5
6,8,5
7,8,5
9,8,5
10,8,5
7,9,5
8,9,5
10,9,5
11,9,5
8,10,5
9,10,5
11,10,5
12,10,5
9,11,5
10,11,5
12,11,5
13,11,5
10,12,5
11,12,5
13,12,5
14,12,5
11,13,5
12,13,5
14,13,5
15,13,5
12,14,5
13,14,5
15,14,5
16,14,5
1,15,5
13,15,5
14,15,5
16,15,5
1,16,5
2,16,5
14,16,5
15,16,5
2,1,6
3,1,6
15,1,6
16,1,6
1,2,6
3,2,6
4,2,6
16,2,6
1,3,6
2,3,6
4,3,6
5,3,6
2,4,6
3,4,6
5,4,6
6,4,6
3,5,6
4,5,6
6,5,6
7,5,6
4,6,6
5,6,6
7,6,6
8,6,6
5,7,6
6,7,6
8,7,6
9,7,6
6,8,6
7,8,6
9,8,6
10,8,6
7,9,6
8,9,6
10,9,6
11,9,6
8,10,6
9,10,6
11,10,6
12,10,6
9,11,6
10,11,6
12,11,6
13,11,6
10,12,6
11,12,6
13,12,6
14,12,6
11,13,6
12,13,6
14,13,6
15,13,6
12,14,6
13,14,6
15,14,6
16,14,6
1,15,6
13,15,6
14,15,6
16,15,6
1,16,6
2,16,6
14,16,6
15,16,6
2,1,7
3,1,7
15,1,7
16,1,7
1,2,7
3,2,7
4,2,7
16,2,7
1,3,7
2,3,7
4,3,7
5,3,7
2,4,7
3,4,7
5,4,7
6,4,7
3,5,7
4,5,7
6,5,7
7,5,7
4,6,7
5,6,7
7,6,7
8,6,7
5,7,7
6,7,7
8,7,7
9,7,7
6,8,7
7,8,7
9,8,7
10,8,7
7,9,7
8,9,7
10,9,7
11,9,7
8,10,7
9,10,7
11,10,7
12,10,7
9,11,7
10,11,7
12,11,7
13,11,7
10,12,7
11,12,7
13,12,7
14,12,7
11,13,7
12,13,7
14,13,7
15,13,7
12,14,7
13,14,7
15,14,7
16,14,7
1,15,7
13,15,7
14,15,7
16,15,7
1,16,7
2,16,7
14,16,7
15,16,7
2,1,8
3,1,8
15,1,8
16,1,8
1,2,8
3,2,8
4,2,8
16,2,8
1,3,8
2,3,8
4,3,8
5,3,8
2,4,8
3,4,8
5,4,8
6,4,8
3,5,8
4,5,8
6,5,8
7,5,8
4,6,8
5,6,8
7,6,8
8,6,8
5,7,8
6,7,8
8,7,8
9,7,8
6,8,8
7,8,8
9,8,8
10,8,8
7,9,8
8,9,8
10,9,8
11,9,8
8,10,8
9,10,8
11,10,8
12,10,8
9,11,8
10,11,8
12,11,8
13,11,8
10,12,8
11,12,8
13,12,8
14,12,8
11,13,8
12,13,8
14,13,8
15,13,8
12,14,8
13,14,8
15,14,8
16,14,8
1,15,8
13,15,8
14,15,8
16,15,8
1,16,8
2,16,8
14,16,8
15,16,8
2,1,9
3,1,9
15,1,9
16,1,9
1,2,9
3,2,9
4,2,9
16,2,9
1,3,9
2,3,9
4,3,9
5,3,9
2,4,9
3,4,9
5,4,9
6,4,9
3,5,9
4,5,9
6,5,9
7,5,9
4,6,9
5,6,9
7,6,9
8,6,9
5,7,9
6,7,9
8,7,9
9,7,9
6,8,9
7,8,9
9,8,9
10,8,9
7,9,9
8,9,9
10,9,9
11,9,9
8,10,9
9,10,9
11,10,9
12,10,9
9,11,9
10,11,9
12,11,9
13,11,9
10,12,9
11,12,9
13,12,9
14,12,9
11,13,9
12,13,9
14,13,9
15,13,9
12,14,9
13,14,9
15,14,9
16,14,9
1,15,9
13,15,9
14,15,9
16,15,9
1,16,9
2,16,9
14,16,9
15,16,9
2,1,10
3,1,10
4,1,10
15,1,10
16,1,10
1,2,10
3,2,10
4,2,10
16,2,10
1,3,10
2,3,10
4,3,10
5,3,10
2,4,10
3,4,10
5,4,10
6,4,10
3,5,10
4,5,10
6,5,10
7,5,10
5,6,10
7,6,10
8,6,10
5,7,10
6,7,10
8,7,10
9,7,10
6,8,10
7,8,10
9,8,10
10,8,10
7,9,10
8,9,10
10,9,10
11,9,10
8,10,10
9,10,10
11,10,10
12,10,10
9,11,10
10,11,10
12,11,10
13,11,10
10,12,10
11,12,10
13,12,10
14,12,10
11,13,10
12,13,10
14,13,10
15,13,10
12,14,10
13,14,10
15,14,10
16,14,10
1,15,10
13,15,10
14,15,10
16,15,10
1,16,10
2,16,10
14,16,10
15,16,10
2,1,11
3,1,11
4,1,11
16,1,11
1,2,11
3,2,11
4,2,11
16,2,11
1,3,11
2,3,11
4,3,11
5,3,11
2,4,11
3,4,11
5,4,11
6,4,11
3,5,11
4,5,11
6,5,11
7,5,11
5,6,11
7,6,11
8,6,11
5,7,11
6,7,11
8,7,11
9,7,11
6,8,11
7,8,11
9,8,11
10,8,11
7,9,11
8,9,11
10,9,11
11,9,11
8,10,11
9,10,11
11,10,11
9,11,11
10,11,11
12,11,11
13,11,11
10,12,11
11,12,11
13,12,11
14,12,11
15,12,11
11,13,11
12,13,11
14,13,11
15,13,11
12,14,11
13,14,11
15,14,11
16,14,11
1,15,11
12,15,11
13,15,11
14,15,11
16,15,11
1,16,11
2,16,11
14,16,11
15,16,11
2,1,12
3,1,12
4,1,12
16,1,12
1,2,12
3,2,12
4,2,12
16,2,12
1,3,12
2,3,12
4,3,12
5,3,12
2,4,12
3,4,12
5,4,12
6,4,12
3,5,12
4,5,12
6,5,12
7,5,12
5,6,12
7,6,12
8,6,12
5,7,12
6,7,12
8,7,12
9,7,12
6,8,12
7,8,12
9,8,12
10,8,12
7,9,12
8,9,12
10,9,12
11,9,12
8,10,12
9,10,12
11,10,12
9,11,12
10,11,12
12,11,12
13,11,12
10,12,12
11,12,12
13,12,12
14,12,12
15,12,12
11,13,12
12,13,12
14,13,12
15,13,12
12,14,12
13,14,12
15,14,12
16,14,12
1,15,12
12,15,12
13,15,12
14,15,12
16,15,12
1,16,12
2,16,12
14,16,12
15,16,12
2,1,13
3,1,13
16,1,13
1,2,13
3,2,13
4,2,13
16,2,13
1,3,13
2,3,13
4,3,13
5,3,13
2,4,13
3,4,13
5,4,13
6,4,13
3,5,13
4,5,13
6,5,13
7,5,13
4,6,13
5,6,13
7,6,13
8,6,13
5,7,13
6,7,13
8,7,13
9,7,13
6,8,13
7,8,13
9,8,13
10,8,13
8,9,13
10,9,13
11,9,13
7,10,13
8,10,13
9,10,13
11,10,13
9,11,13
10,11,13
12,11,13
13,11,13
10,12,13
11,12,13
13,12,13
14,12,13
15,12,13
11,13,13
12,13,13
14,13,13
15,13,13
12,14,13
13,14,13
15,14,13
16,14,13
1,15,13
12,15,13
13,15,13
14,15,13
16,15,13
1,16,13
2,16,13
14,16,13
15,16,13
2,1,14
3,1,14
16,1,14
1,2,14
3,2,14
4,2,14
16,2,14
1,3,14
2,3,14
4,3,14
5,3,14
16,3,14
2,4,14
3,4,14
5,4,14
6,4,14
3,5,14
4,5,14
6,5,14
7,5,14
4,6,14
5,6,14
7,6,14
8,6,14
5,7,14
6,7,14
8,7,14
9,7,14
10,7,14
6,8,14
7,8,14
9,8,14
10,8,14
8,9,14
10,9,14
11,9,14
7,10,14
8,10,14
9,10,14
11,10,14
9,11,14
10,11,14
12,11,14
13,11,14
11,12,14
13,12,14
14,12,14
15,12,14
11,13,14
12,13,14
14,13,14
15,13,14
12,14,14
13,14,14
15,14,14
1,15,14
12,15,14
13,15,14
14,15,14
16,15,14
1,16,14
2,16,14
14,16,14
15,16,14
2,1,15
3,1,15
16,1,15
1,2,15
3,2,15
4,2,15
16,2,15
1,3,15
2,3,15
4,3,15
5,3,15
16,3,15
2,4,15
3,4,15
5,4,15
6,4,15
3,5,15
4,5,15
6,5,15
7,5,15
4,6,15
5,6,15
7,6,15
8,6,15
5,7,15
6,7,15
8,7,15
9,7,15
10,7,15
6,8,15
7,8,15
9,8,15
10,8,15
8,9,15
10,9,15
11,9,15
7,10,15
8,10,15
9,10,15
11,10,15
9,11,15
10,11,15
12,11,15
13,11,15
11,12,15
13,12,15
14,12,15
15,12,15
11,13,15
12,13,15
14,13,15
15,13,15
12,14,15
13,14,15
15,14,15
1,15,15
12,15,15
13,15,15
14,15,15
16,15,15
1,16,15
2,16,15
14,16,15
15,16,15
2,1,16
3,1,16
16,1,16
1,2,16
3,2,16
4,2,16
16,2,16
1,3,16
2,3,16
4,3,16
5,3,16
16,3,16
2,4,16
3,4,16
5,4,16
6,4,16
3,5,16
4,5,16
6,5,16
7,5,16
4,6,16
5,6,16
7,6,16
8,6,16
5,7,16
6,7,16
8,7,16
9,7,16
10,7,16
6,8,16
7,8,16
9,8,16
10,8,16
11,8,16
7,9,16
8,9,16
10,9,16
11,9,16
8,10,16
9,10,16
11,10,16
9,11,16
10,11,16
12,11,16
13,11,16
11,12,16
13,12,16
14,12,16
15,12,16
12,13,16
14,13,16
15,13,16
12,14,16
13,14,16
15,14,16
1,15,16
12,15,16
13,15,16
14,15,16
16,15,16
1,16,16
2,16,16
14,16,16
15,16,16
2,1,17
16,1,17
1,2,17
3,2,17
4,2,17
16,2,17
1,3,17
2,3,17
4,3,17
5,3,17
16,3,17
2,4,17
3,4,17
5,4,17
6,4,17
3,5,17
4,5,17
6,5,17
7,5,17
4,6,17
5,6,17
7,6,17
8,6,17
5,7,17
6,7,17
8,7,17
9,7,17
10,7,17
6,8,17
7,8,17
9,8,17
10,8,17
11,8,17
7,9,17
8,9,17
10,9,17
11,9,17
8,10,17
9,10,17
11,10,17
9,11,17
10,11,17
12,11,17
13,11,17
14,11,17
11,12,17
13,12,17
14,12,17
15,12,17
12,13,17
14,13,17
15,13,17
12,14,17
13,14,17
15,14,17
1,15,17
12,15,17
13,15,17
14,15,17
16,15,17
1,16,17
2,16,17
3,16,17
15,16,17
2,1,18
3,1,18
16,1,18
1,2,18
3,2,18
4,2,18
16,2,18
1,3,18
2,3,18
4,3,18
5,3,18
16,3,18
2,4,18
3,4,18
5,4,18
6,4,18
3,5,18
4,5,18
6,5,18
7,5,18
5,6,18
7,6,18
8,6,18
4,7,18
5,7,18
6,7,18
8,7,18
9,7,18
10,7,18
6,8,18
7,8,18
9,8,18
10,8,18
11,8,18
7,9,18
8,9,18
10,9,18
11,9,18
8,10,18
9,10,18
11,10,18
9,11,18
10,11,18
12,11,18
13,11,18
11,12,18
13,12,18
14,12,18
15,12,18
12,13,18
14,13,18
15,13,18
12,14,18
13,14,18
15,14,18
1,15,18
12,15,18
13,15,18
14,15,18
16,15,18
1,16,18
2,16,18
14,16,18
15,16,18
2,1,19
3,1,19
16,1,19
1,2,19
3,2,19
16,2,19
1,3,19
2,3,19
4,3,19
5,3,19
16,3,19
1,4,19
2,4,19
3,4,19
5,4,19
7,4,19
3,5,19
4,5,19
6,5,19
7,5,19
4,6,19
5,6,19
7,6,19
8,6,19
4,7,19
5,7,19
6,7,19
8,7,19
9,7,19
10,7,19
6,8,19
7,8,19
9,8,19
10,8,19
11,8,19
6,9,19
8,9,19
10,9,19
11,9,19
8,10,19
9,10,19
11,10,19
9,11,19
10,11,19
12,11,19
13,11,19
11,12,19
13,12,19
14,12,19
15,12,19
12,13,19
14,13,19
15,13,19
12,14,19
13,14,19
15,14,19
12,15,19
13,15,19
14,15,19
16,15,19
1,16,19
2,16,19
14,16,19
15,16,19
2,1,20
3,1,20
16,1,20
1,2,20
3,2,20
16,2,20
1,3,20
2,3,20
4,3,20
5,3,20
16,3,20
1,4,20
2,4,20
3,4,20
5,4,20
7,4,20
3,5,20
4,5,20
6,5,20
7,5,20
4,6,20
5,6,20
7,6,20
8,6,20
9,6,20
10,6,20
4,7,20
5,7,20
6,7,20
8,7,20
6,8,20
7,8,20
9,8,20
10,8,20
11,8,20
6,9,20
8,9,20
10,9,20
11,9,20
8,10,20
9,10,20
11,10,20
9,11,20
10,11,20
12,11,20
13,11,20
11,12,20
13,12,20
14,12,20
15,12,20
12,13,20
14,13,20
15,13,20
12,14,20
13,14,20
15,14,20
12,15,20
13,15,20
14,15,20
16,15,20
1,16,20
2,16,20
14,16,20
15,16,20
2,1,21
3,1,21
16,1,21
1,2,21
3,2,21
16,2,21
1,3,21
2,3,21
4,3,21
5,3,21
16,3,21
1,4,21
2,4,21
3,4,21
5,4,21
3,5,21
4,5,21
6,5,21
7,5,21
4,6,21
5,6,21
7,6,21
8,6,21
9,6,21
10,6,21
4,7,21
5,7,21
6,7,21
8,7,21
6,8,21
7,8,21
9,8,21
10,8,21
11,8,21
6,9,21
7,9,21
8,9,21
10,9,21
11,9,21
8,10,21
9,10,21
11,10,21
9,11,21
10,11,21
12,11,21
13,11,21
11,12,21
13,12,21
14,12,21
15,12,21
12,13,21
14,13,21
15,13,21
12,14,21
13,14,21
15,14,21
12,15,21
13,15,21
14,15,21
16,15,21
1,16,21
2,16,21
14,16,21
15,16,21
2,1,22
3,1,22
16,1,22
1,2,22
3,2,22
16,2,22
1,3,22
2,3,22
4,3,22
5,3,22
16,3,22
1,4,22
2,4,22
3,4,22
5,4,22
6,4,22
3,5,22
4,5,22
6,5,22
7,5,22
4,6,22
5,6,22
7,6,22
8,6,22
4,7,22
5,7,22
6,7,22
8,7,22
9,7,22
10,7,22
6,8,22
7,8,22
9,8,22
10,8,22
11,8,22
7,9,22
8,9,22
10,9,22
11,9,22
8,10,22
9,10,22
11,10,22
9,11,22
10,11,22
12,11,22
13,11,22
11,12,22
13,12,22
14,12,22
15,12,22
12,13,22
14,13,22
15,13,22
12,14,22
13,14,22
15,14,22
12,15,22
13,15,22
14,15,22
16,15,22
1,16,22
2,16,22
14,16,22
15,16,22
2,1,23
3,1,23
16,1,23
1,2,23
3,2,23
16,2,23
1,3,23
2,3,23
4,3,23
5,3,23
16,3,23
1,4,23
2,4,23
3,4,23
5,4,23
6,4,23
3,5,23
4,5,23
6,5,23
7,5,23
4,6,23
5,6,23
7,6,23
4,7,23
5,7,23
6,7,23
8,7,23
9,7,23
10,7,23
6,8,23
7,8,23
9,8,23
10,8,23
11,8,23
7,9,23
8,9,23
10,9,23
11,9,23
8,10,23
9,10,23
11,10,23
8,11,23
9,11,23
10,11,23
12,11,23
13,11,23
14,11,23
11,12,23
13,12,23
14,12,23
15,12,23
12,13,23
14,13,23
15,13,23
12,14,23
13,14,23
15,14,23
12,15,23
13,15,23
14,15,23
16,15,23
1,16,23
2,16,23
15,16,23
2,1,24
3,1,24
16,1,24
1,2,24
3,2,24
16,2,24
1,3,24
2,3,24
4,3,24
5,3,24
16,3,24
1,4,24
2,4,24
3,4,24
5,4,24
6,4,24
3,5,24
4,5,24
6,5,24
7,5,24
4,6,24
5,6,24
7,6,24
4,7,24
5,7,24
6,7,24
8,7,24
9,7,24
10,7,24
6,8,24
7,8,24
9,8,24
10,8,24
11,8,24
7,9,24
8,9,24
10,9,24
11,9,24
8,10,24
9,10,24
11,10,24
8,11,24
9,11,24
10,11,24
12,11,24
13,11,24
14,11,24
11,12,24
13,12,24
14,12,24
15,12,24
12,13,24
14,13,24
15,13,24
12,14,24
13,14,24
15,14,24
12,15,24
13,15,24
14,15,24
16,15,24
1,16,24
2,16,24
15,16,24
2,1,25
3,1,25
16,1,25
1,2,25
16,2,25
1,3,25
2,3,25
4,3,25
5,3,25
16,3,25
1,4,25
2,4,25
3,4,25
5,4,25
6,4,25
3,5,25
4,5,25
6,5,25
7,5,25
4,6,25
5,6,25
7,6,25
4,7,25
5,7,25
6,7,25
8,7,25
9,7,25
10,7,25
6,8,25
7,8,25
9,8,25
10,8,25
11,8,25
7,9,25
8,9,25
10,9,25
11,9,25
8,10,25
9,10,25
11,10,25
8,11,25
9,11,25
10,11,25
12,11,25
13,11,25
14,11,25
11,12,25
13,12,25
14,12,25
15,12,25
12,13,25
14,13,25
15,13,25
12,14,25
13,14,25
15,14,25
12,15,25
13,15,25
14,15,25
16,15,25
1,16,25
2,16,25
3,16,25
15,16,25
2,1,26
3,1,26
16,1,26
1,2,26
16,2,26
1,3,26
2,3,26
4,3,26
5,3,26
16,3,26
1,4,26
2,4,26
3,4,26
5,4,26
6,4,26
3,5,26
4,5,26
6,5,26
7,5,26
4,6,26
5,6,26
7,6,26
4,7,26
5,7,26
6,7,26
8,7,26
9,7,26
10,7,26
6,8,26
7,8,26
9,8,26
10,8,26
11,8,26
7,9,26
8,9,26
10,9,26
11,9,26
8,10,26
9,10,26
11,10,26
8,11,26
9,11,26
10,11,26
12,11,26
13,11,26
14,11,26
11,12,26
13,12,26
14,12,26
15,12,26
12,13,26
14,13,26
15,13,26
12,14,26
13,14,26
15,14,26
12,15,26
13,15,26
14,15,26
16,15,26
1,16,26
2,16,26
3,16,26
15,16,26
2,1,27
3,1,27
16,1,27
1,2,27
16,2,27
1,3,27
2,3,27
4,3,27
5,3,27
16,3,27
1,4,27
2,4,27
3,4,27
5,4,27
6,4,27
3,5,27
4,5,27
6,5,27
7,5,27
4,6,27
5,6,27
7,6,27
4,7,27
5,7,27
6,7,27
8,7,27
9,7,27
10,7,27
6,8,27
7,8,27
9,8,27
10,8,27
11,8,27
7,9,27
8,9,27
10,9,27
11,9,27
8,10,27
9,10,27
11,10,27
8,11,27
9,11,27
10,11,27
12,11,27
13,11,27
14,11,27
11,12,27
13,12,27
14,12,27
15,12,27
12,13,27
14,13,27
15,13,27
12,14,27
13,14,27
15,14,27
12,15,27
13,15,27
14,15,27
16,15,27
1,16,27
2,16,27
3,16,27
15,16,27
2,1,28
3,1,28
16,1,28
1,2,28
16,2,28
1,3,28
2,3,28
4,3,28
5,3,28
16,3,28
3,4,28
5,4,28
6,4,28
1,5,28
2,5,28
3,5,28
4,5,28
6,5,28
16,5,28
4,6,28
5,6,28
7,6,28
4,7,28
5,7,28
6,7,28
8,7,28
9,7,28
10,7,28
6,8,28
7,8,28
9,8,28
10,8,28
11,8,28
7,9,28
8,9,28
10,9,28
11,9,28
7,10,28
8,10,28
9,10,28
11,10,28
8,11,28
9,11,28
10,11,28
12,11,28
13,11,28
15,11,28
11,12,28
13,12,28
14,12,28
15,12,28
12,13,28
14,13,28
15,13,28
12,14,28
13,14,28
15,14,28
12,15,28
13,15,28
14,15,28
1,16,28
2,16,28
3,16,28
14,16,28
2,1,29
3,1,29
4,1,29
16,1,29
1,2,29
16,2,29
1,3,29
2,3,29
4,3,29
5,3,29
16,3,29
1,4,29
2,4,29
3,4,29
5,4,29
6,4,29
16,4,29
3,5,29
4,5,29
6,5,29
4,6,29
5,6,29
7,6,29
5,7,29
6,7,29
8,7,29
9,7,29
10,7,29
6,8,29
7,8,29
9,8,29
10,8,29
11,8,29
7,9,29
8,9,29
10,9,29
11,9,29
7,10,29
8,10,29
9,10,29
11,10,29
8,11,29
9,11,29
10,11,29
12,11,29
13,11,29
15,11,29
11,12,29
13,12,29
14,12,29
15,12,29
12,13,29
14,13,29
15,13,29
12,14,29
13,14,29
15,14,29
12,15,29
13,15,29
14,15,29
1,16,29
2,16,29
3,16,29
14,16,29
2,1,30
3,1,30
4,1,30
16,1,30
1,2,30
16,2,30
1,3,30
2,3,30
4,3,30
5,3,30
16,3,30
1,4,30
2,4,30
3,4,30
5,4,30
6,4,30
16,4,30
3,5,30
4,5,30
6,5,30
4,6,30
5,6,30
7,6,30
5,7,30
6,7,30
8,7,30
9,7,30
10,7,30
11,7,30
6,8,30
7,8,30
9,8,30
10,8,30
11,8,30
7,9,30
8,9,30
10,9,30
11,9,30
7,10,30
8,10,30
9,10,30
11,10,30
8,11,30
9,11,30
10,11,30
12,11,30
13,11,30
15,11,30
13,12,30
14,12,30
15,12,30
12,13,30
14,13,30
15,13,30
12,14,30
13,14,30
15,14,30
12,15,30
13,15,30
14,15,30
1,16,30
2,16,30
3,16,30
14,16,30
2,1,31
3,1,31
4,1,31
16,1,31
1,2,31
16,2,31
1,3,31
2,3,31
4,3,31
5,3,31
16,3,31
1,4,31
2,4,31
3,4,31
5,4,31
6,4,31
16,4,31
3,5,31
4,5,31
6,5,31
4,6,31
5,6,31
7,6,31
5,7,31
6,7,31
8,7,31
9,7,31
10,7,31
11,7,31
6,8,31
7,8,31
9,8,31
10,8,31
11,8,31
7,9,31
8,9,31
10,9,31
11,9,31
7,10,31
8,10,31
9,10,31
11,10,31
8,11,31
9,11,31
10,11,31
12,11,31
13,11,31
15,11,31
13,12,31
14,12,31
15,12,31
12,13,31
14,13,31
15,13,31
12,14,31
13,14,31
15,14,31
12,15,31
13,15,31
14,15,31
1,16,31
2,16,31
3,16,31
14,16,31
2,1,32
3,1,32
4,1,32
16,1,32
1,2,32
16,2,32
1,3,32
2,3,32
4,3,32
5,3,32
16,3,32
1,4,32
2,4,32
3,4,32
5,4,32
6,4,32
16,4,32
3,5,32
4,5,32
6,5,32
4,6,32
5,6,32
7,6,32
5,7,32
6,7,32
8,7,32
9,7,32
10,7,32
11,7,32
6,8,32
7,8,32
9,8,32
10,8,32
11,8,32
7,9,32
8,9,32
10,9,32
11,9,32
7,10,32
8,10,32
9,10,32
11,10,32
8,11,32
9,11,32
10,11,32
12,11,32
13,11,32
15,11,32
13,12,32
14,12,32
15,12,32
12,13,32
14,13,32
15,13,32
12,14,32
13,14,32
15,14,32
12,15,32
13,15,32
14,15,32
1,16,32
2,16,32
3,16,32
14,16,32
2,1,33
3,1,33
4,1,33
16,1,33
1,2,33
16,2,33
1,3,33
2,3,33
4,3,33
5,3,33
16,3,33
1,4,33
2,4,33
3,4,33
5,4,33
6,4,33
16,4,33
3,5,33
4,5,33
6,5,33
4,6,33
5,6,33
7,6,33
5,7,33
6,7,33
8,7,33
9,7,33
10,7,33
11,7,33
6,8,33
7,8,33
9,8,33
10,8,33
11,8,33
7,9,33
8,9,33
10,9,33
11,9,33
7,10,33
8,10,33
9,10,33
11,10,33
8,11,33
9,11,33
10,11,33
12,11,33
13,11,33
15,11,33
13,12,33
14,12,33
15,12,33
12,13,33
14,13,33
15,13,33
12,14,33
13,14,33
15,14,33
12,15,33
13,15,33
14,15,33
1,16,33
2,16,33
3,16,33
14,16,33
2,1,34
3,1,34
4,1,34
16,1,34
1,2,34
16,2,34
1,3,34
2,3,34
4,3,34
5,3,34
16,3,34
1,4,34
2,4,34
3,4,34
5,4,34
16,4,34
3,5,34
4,5,34
6,5,34
4,6,34
5,6,34
7,6,34
5,7,34
6,7,34
8,7,34
9,7,34
10,7,34
11,7,34
6,8,34
7,8,34
9,8,34
10,8,34
11,8,34
6,9,34
7,9,34
8,9,34
10,9,34
11,9,34
7,10,34
8,10,34
9,10,34
11,10,34
8,11,34
9,11,34
10,11,34
12,11,34
13,11,34
15,11,34
13,12,34
14,12,34
15,12,34
12,13,34
14,13,34
15,13,34
12,14,34
13,14,34
15,14,34
12,15,34
13,15,34
14,15,34
1,16,34
2,16,34
3,16,34
14,16,34
2,1,35
3,1,35
4,1,35
16,1,35
1,2,35
16,2,35
1,3,35
2,3,35
4,3,35
5,3,35
16,3,35
1,4,35
2,4,35
3,4,35
5,4,35
16,4,35
3,5,35
4,5,35
6,5,35
4,6,35
5,6,35
7,6,35
5,7,35
6,7,35
8,7,35
9,7,35
10,7,35
11,7,35
6,8,35
7,8,35
9,8,35
10,8,35
11,8,35
6,9,35
7,9,35
8,9,35
10,9,35
11,9,35
7,10,35
8,10,35
9,10,35
11,10,35
8,11,35
9,11,35
10,11,35
12,11,35
13,11,35
14,11,35
15,11,35
13,12,35
14,12,35
15,12,35
12,13,35
14,13,35
15,13,35
12,14,35
13,14,35
15,14,35
12,15,35
13,15,35
14,15,35
1,16,35
2,16,35
3,16,35
2,1,36
3,1,36
4,1,36
16,1,36
1,2,36
16,2,36
1,3,36
2,3,36
4,3,36
5,3,36
16,3,36
1,4,36
2,4,36
3,4,36
5,4,36
16,4,36
3,5,36
4,5,36
6,5,36
4,6,36
5,6,36
7,6,36
5,7,36
6,7,36
8,7,36
9,7,36
10,7,36
11,7,36
6,8,36
7,8,36
9,8,36
10,8,36
11,8,36
6,9,36
7,9,36
8,9,36
10,9,36
11,9,36
7,10,36
8,10,36
9,10,36
11,10,36
8,11,36
9,11,36
10,11,36
12,11,36
13,11,36
14,11,36
15,11,36
13,12,36
14,12,36
15,12,36
12,13,36
14,13,36
15,13,36
12,14,36
13,14,36
15,14,36
12,15,36
13,15,36
14,15,36
1,16,36
2,16,36
3,16,36
2,1,37
3,1,37
4,1,37
16,1,37
1,2,37
16,2,37
1,3,37
2,3,37
4,3,37
5,3,37
16,3,37
2,4,37
3,4,37
5,4,37
1,5,37
3,5,37
4,5,37
6,5,37
16,5,37
4,6,37
5,6,37
7,6,37
5,7,37
6,7,37
8,7,37
9,7,37
10,7,37
11,7,37
6,8,37
7,8,37
9,8,37
10,8,37
11,8,37
6,9,37
7,9,37
8,9,37
10,9,37
11,9,37
7,10,37
8,10,37
9,10,37
11,10,37
8,11,37
9,11,37
10,11,37
12,11,37
13,11,37
15,11,37
13,12,37
14,12,37
15,12,37
12,13,37
14,13,37
15,13,37
12,14,37
13,14,37
15,14,37
12,15,37
13,15,37
14,15,37
1,16,37
2,16,37
3,16,37
14,16,37
2,1,38
3,1,38
4,1,38
16,1,38
1,2,38
16,2,38
1,3,38
2,3,38
4,3,38
5,3,38
16,3,38
3,4,38
5,4,38
6,4,38
1,5,38
2,5,38
3,5,38
4,5,38
6,5,38
16,5,38
4,6,38
5,6,38
7,6,38
5,7,38
6,7,38
8,7,38
9,7,38
10,7,38
11,7,38
6,8,38
7,8,38
9,8,38
10,8,38
11,8,38
7,9,38
8,9,38
10,9,38
11,9,38
7,10,38
8,10,38
9,10,38
11,10,38
8,11,38
9,11,38
10,11,38
12,11,38
13,11,38
15,11,38
13,12,38
14,12,38
15,12,38
12,13,38
14,13,38
15,13,38
12,14,38
13,14,38
15,14,38
12,15,38
13,15,38
14,15,38
1,16,38
2,16,38
3,16,38
14,16,38
2,1,39
3,1,39
16,1,39
1,2,39
16,2,39
1,3,39
2,3,39
4,3,39
5,3,39
16,3,39
3,4,39
5,4,39
6,4,39
1,5,39
2,5,39
3,5,39
4,5,39
6,5,39
16,5,39
4,6,39
5,6,39
7,6,39
4,7,39
5,7,39
6,7,39
8,7,39
9,7,39
10,7,39
11,7,39
6,8,39
7,8,39
9,8,39
10,8,39
11,8,39
7,9,39
8,9,39
10,9,39
11,9,39
7,10,39
8,10,39
9,10,39
11,10,39
8,11,39
9,11,39
10,11,39
12,11,39
13,11,39
15,11,39
13,12,39
14,12,39
15,12,39
12,13,39
14,13,39
15,13,39
12,14,39
13,14,39
15,14,39
12,15,39
13,15,39
14,15,39
1,16,39
2,16,39
3,16,39
14,16,39
2,1,40
3,1,40
5,1,40
16,1,40
1,2,40
16,2,40
1,3,40
2,3,40
4,3,40
5,3,40
16,3,40
3,4,40
5,4,40
6,4,40
1,5,40
2,5,40
3,5,40
4,5,40
6,5,40
16,5,40
4,6,40
5,6,40
7,6,40
4,7,40
6,7,40
8,7,40
9,7,40
10,7,40
11,7,40
6,8,40
7,8,40
9,8,40
10,8,40
11,8,40
7,9,40
8,9,40
10,9,40
11,9,40
7,10,40
8,10,40
9,10,40
11,10,40
8,11,40
9,11,40
10,11,40
12,11,40
13,11,40
13,12,40
14,12,40
15,12,40
12,13,40
14,13,40
15,13,40
12,14,40
13,14,40
15,14,40
12,15,40
13,15,40
14,15,40
1,16,40
2,16,40
3,16,40
14,16,40
15,16,40
2,1,41
3,1,41
5,1,41
16,1,41
1,2,41
3,2,41
16,2,41
1,3,41
2,3,41
4,3,41
5,3,41
16,3,41
3,4,41
5,4,41
6,4,41
1,5,41
2,5,41
3,5,41
4,5,41
6,5,41
16,5,41
4,6,41
5,6,41
7,6,41
4,7,41
6,7,41
8,7,41
9,7,41
10,7,41
11,7,41
6,8,41
7,8,41
9,8,41
10,8,41
11,8,41
7,9,41
8,9,41
10,9,41
11,9,41
7,10,41
8,10,41
9,10,41
11,10,41
8,11,41
9,11,41
10,11,41
12,11,41
13,11,41
13,12,41
14,12,41
15,12,41
12,13,41
14,13,41
15,13,41
12,14,41
13,14,41
15,14,41
12,15,41
13,15,41
14,15,41
1,16,41
2,16,41
14,16,41
15,16,41
2,1,42
3,1,42
5,1,42
16,1,42
1,2,42
3,2,42
16,2,42
1,3,42
2,3,42
4,3,42
5,3,42
16,3,42
3,4,42
5,4,42
6,4,42
1,5,42
2,5,42
3,5,42
4,5,42
6,5,42
16,5,42
4,6,42
5,6,42
7,6,42
4,7,42
6,7,42
8,7,42
9,7,42
10,7,42
11,7,42
6,8,42
7,8,42
9,8,42
10,8,42
11,8,42
7,9,42
8,9,42
10,9,42
11,9,42
7,10,42
8,10,42
9,10,42
11,10,42
8,11,42
9,11,42
10,11,42
12,11,42
13,11,42
13,12,42
14,12,42
15,12,42
12,13,42
14,13,42
15,13,42
12,14,42
13,14,42
15,14,42
12,15,42
13,15,42
14,15,42
1,16,42
2,16,42
14,16,42
15,16,42
2,1,43
3,1,43
5,1,43
16,1,43
1,2,43
3,2,43
16,2,43
1,3,43
2,3,43
4,3,43
5,3,43
16,3,43
3,4,43
5,4,43
6,4,43
1,5,43
2,5,43
3,5,43
4,5,43
16,5,43
4,6,43
5,6,43
7,6,43
4,7,43
6,7,43
8,7,43
9,7,43
10,7,43
11,7,43
6,8,43
7,8,43
9,8,43
10,8,43
11,8,43
6,9,43
7,9,43
8,9,43
10,9,43
11,9,43
7,10,43
8,10,43
9,10,43
11,10,43
8,11,43
9,11,43
10,11,43
12,11,43
13,11,43
13,12,43
14,12,43
15,12,43
12,13,43
14,13,43
15,13,43
12,14,43
13,14,43
15,14,43
12,15,43
13,15,43
14,15,43
1,16,43
2,16,43
14,16,43
15,16,43
2,1,44
3,1,44
5,1,44
16,1,44
1,2,44
3,2,44
16,2,44
1,3,44
2,3,44
4,3,44
5,3,44
16,3,44
3,4,44
5,4,44
6,4,44
1,5,44
2,5,44
3,5,44
4,5,44
16,5,44
4,6,44
5,6,44
7,6,44
4,7,44
6,7,44
8,7,44
9,7,44
10,7,44
11,7,44
6,8,44
7,8,44
9,8,44
10,8,44
11,8,44
6,9,44
7,9,44
8,9,44
10,9,44
11,9,44
7,10,44
8,10,44
9,10,44
11,10,44
8,11,44
9,11,44
10,11,44
12,11,44
13,12,44
14,12,44
15,12,44
12,13,44
14,13,44
15,13,44
12,14,44
13,14,44
15,14,44
12,15,44
13,15,44
14,15,44
1,16,44
2,16,44
13,16,44
14,16,44
15,16,44
2,1,45
3,1,45
5,1,45
16,1,45
1,2,45
3,2,45
5,2,45
16,2,45
1,3,45
2,3,45
4,3,45
5,3,45
16,3,45
3,4,45
5,4,45
6,4,45
1,5,45
2,5,45
3,5,45
4,5,45
16,5,45
4,6,45
7,6,45
4,7,45
6,7,45
8,7,45
9,7,45
10,7,45
11,7,45
6,8,45
7,8,45
9,8,45
10,8,45
11,8,45
6,9,45
7,9,45
8,9,45
10,9,45
11,9,45
7,10,45
8,10,45
9,10,45
11,10,45
8,11,45
9,11,45
10,11,45
12,11,45
13,12,45
14,12,45
15,12,45
12,13,45
14,13,45
15,13,45
12,14,45
13,14,45
15,14,45
12,15,45
13,15,45
14,15,45
1,16,45
2,16,45
13,16,45
14,16,45
15,16,45
2,1,46
3,1,46
5,1,46
16,1,46
1,2,46
5,2,46
16,2,46
1,3,46
2,3,46
4,3,46
5,3,46
16,3,46
3,4,46
5,4,46
6,4,46
1,5,46
2,5,46
3,5,46
4,5,46
16,5,46
4,6,46
7,6,46
4,7,46
6,7,46
8,7,46
9,7,46
10,7,46
11,7,46
6,8,46
7,8,46
9,8,46
10,8,46
11,8,46
6,9,46
7,9,46
8,9,46
10,9,46
11,9,46
8,10,46
9,10,46
11,10,46
7,11,46
8,11,46
9,11,46
10,11,46
12,11,46
13,12,46
14,12,46
15,12,46
12,13,46
14,13,46
15,13,46
12,14,46
13,14,46
15,14,46
12,15,46
13,15,46
14,15,46
1,16,46
2,16,46
3,16,46
13,16,46
14,16,46
15,16,46
2,1,47
3,1,47
5,1,47
16,1,47
1,2,47
5,2,47
16,2,47
1,3,47
2,3,47
4,3,47
5,3,47
16,3,47
3,4,47
5,4,47
6,4,47
1,5,47
2,5,47
3,5,47
4,5,47
16,5,47
4,6,47
7,6,47
4,7,47
6,7,47
8,7,47
9,7,47
10,7,47
11,7,47
6,8,47
7,8,47
9,8,47
10,8,47
11,8,47
6,9,47
7,9,47
8,9,47
10,9,47
11,9,47
8,10,47
9,10,47
11,10,47
7,11,47
8,11,47
9,11,47
10,11,47
12,11,47
13,12,47
14,12,47
15,12,47
12,13,47
14,13,47
15,13,47
12,14,47
13,14,47
15,14,47
12,15,47
13,15,47
14,15,47
1,16,47
2,16,47
3,16,47
13,16,47
14,16,47
15,16,47
2,1,48
3,1,48
5,1,48
16,1,48
1,2,48
3,2,48
16,2,48
1,3,48
2,3,48
4,3,48
5,3,48
16,3,48
3,4,48
5,4,48
6,4,48
1,5,48
2,5,48
3,5,48
4,5,48
16,5,48
4,6,48
7,6,48
4,7,48
6,7,48
8,7,48
9,7,48
10,7,48
11,7,48
6,8,48
7,8,48
9,8,48
10,8,48
11,8,48
6,9,48
7,9,48
8,9,48
10,9,48
11,9,48
8,10,48
9,10,48
11,10,48
7,11,48
8,11,48
9,11,48
10,11,48
12,11,48
13,12,48
14,12,48
15,12,48
12,13,48
14,13,48
15,13,48
12,14,48
13,14,48
15,14,48
12,15,48
13,15,48
14,15,48
1,16,48
2,16,48
5,16,48
13,16,48
14,16,48
15,16,48
2,1,49
3,1,49
5,1,49
16,1,49
1,2,49
3,2,49
16,2,49
1,3,49
2,3,49
4,3,49
5,3,49
16,3,49
3,4,49
5,4,49
1,5,49
2,5,49
3,5,49
4,5,49
16,5,49
4,6,49
7,6,49
4,7,49
6,7,49
8,7,49
9,7,49
10,7,49
11,7,49
6,8,49
7,8,49
9,8,49
10,8,49
11,8,49
6,9,49
7,9,49
8,9,49
10,9,49
11,9,49
8,10,49
9,10,49
11,10,49
6,11,49
7,11,49
8,11,49
9,11,49
10,11,49
12,11,49
13,11,49
13,12,49
14,12,49
15,12,49
12,13,49
14,13,49
15,13,49
12,14,49
13,14,49
15,14,49
12,15,49
13,15,49
14,15,49
1,16,49
2,16,49
5,16,49
14,16,49
15,16,49
2,1,50
3,1,50
5,1,50
16,1,50
1,2,50
3,2,50
16,2,50
1,3,50
2,3,50
4,3,50
5,3,50
16,3,50
3,4,50
5,4,50
1,5,50
2,5,50
3,5,50
4,5,50
16,5,50
4,6,50
7,6,50
8,6,50
9,6,50
10,6,50
11,6,50
4,7,50
6,7,50
6,8,50
7,8,50
9,8,50
10,8,50
11,8,50
6,9,50
7,9,50
8,9,50
10,9,50
11,9,50
8,10,50
9,10,50
11,10,50
6,11,50
7,11,50
8,11,50
9,11,50
10,11,50
12,11,50
13,11,50
13,12,50
14,12,50
15,12,50
12,13,50
14,13,50
15,13,50
12,14,50
13,14,50
15,14,50
12,15,50
13,15,50
14,15,50
1,16,50
2,16,50
5,16,50
14,16,50
15,16,50
2,1,51
3,1,51
5,1,51
16,1,51
1,2,51
3,2,51
16,2,51
1,3,51
2,3,51
4,3,51
5,3,51
16,3,51
3,4,51
5,4,51
1,5,51
2,5,51
3,5,51
4,5,51
16,5,51
4,6,51
7,6,51
8,6,51
9,6,51
10,6,51
11,6,51
4,7,51
6,7,51
6,8,51
7,8,51
9,8,51
10,8,51
11,8,51
6,9,51
7,9,51
8,9,51
10,9,51
11,9,51
8,10,51
9,10,51
11,10,51
6,11,51
7,11,51
8,11,51
9,11,51
10,11,51
12,11,51
13,11,51
13,12,51
14,12,51
15,12,51
12,13,51
14,13,51
15,13,51
12,14,51
13,14,51
15,14,51
12,15,51
13,15,51
14,15,51
1,16,51
2,16,51
5,16,51
14,16,51
15,16,51
2,1,52
3,1,52
5,1,52
16,1,52
1,2,52
3,2,52
16,2,52
1,3,52
2,3,52
4,3,52
5,3,52
16,3,52
3,4,52
5,4,52
1,5,52
2,5,52
3,5,52
4,5,52
16,5,52
4,6,52
7,6,52
4,7,52
6,7,52
8,7,52
9,7,52
10,7,52
11,7,52
9,8,52
10,8,52
11,8,52
6,9,52
7,9,52
8,9,52
10,9,52
11,9,52
6,10,52
7,10,52
8,10,52
9,10,52
11,10,52
6,11,52
7,11,52
8,11,52
9,11,52
10,11,52
12,11,52
13,11,52
13,12,52
14,12,52
15,12,52
12,13,52
14,13,52
15,13,52
12,14,52
13,14,52
15,14,52
12,15,52
13,15,52
14,15,52
1,16,52
2,16,52
5,16,52
14,16,52
15,16,52
2,1,53
3,1,53
5,1,53
16,1,53
1,2,53
3,2,53
16,2,53
1,3,53
2,3,53
4,3,53
5,3,53
16,3,53
3,4,53
5,4,53
1,5,53
2,5,53
3,5,53
4,5,53
16,5,53
4,6,53
5,6,53
7,6,53
4,7,53
6,7,53
8,7,53
9,7,53
10,7,53
11,7,53
6,8,53
7,8,53
9,8,53
10,8,53
11,8,53
6,9,53
7,9,53
8,9,53
10,9,53
11,9,53
8,10,53
9,10,53
11,10,53
6,11,53
7,11,53
8,11,53
9,11,53
10,11,53
12,11,53
13,11,53
13,12,53
14,12,53
15,12,53
12,13,53
14,13,53
15,13,53
12,14,53
13,14,53
15,14,53
12,15,53
13,15,53
14,15,53
1,16,53
2,16,53
14,16,53
15,16,53
2,1,54
3,1,54
5,1,54
16,1,54
1,2,54
3,2,54
16,2,54
1,3,54
2,3,54
4,3,54
5,3,54
16,3,54
3,4,54
5,4,54
6,4,54
1,5,54
2,5,54
3,5,54
4,5,54
16,5,54
4,6,54
5,6,54
7,6,54
4,7,54
6,7,54
8,7,54
9,7,54
10,7,54
11,7,54
7,8,54
9,8,54
10,8,54
11,8,54
6,9,54
7,9,54
8,9,54
10,9,54
11,9,54
8,10,54
9,10,54
11,10,54
6,11,54
7,11,54
8,11,54
9,11,54
10,11,54
13,11,54
13,12,54
14,12,54
15,12,54
12,13,54
14,13,54
15,13,54
12,14,54
13,14,54
15,14,54
12,15,54
13,15,54
14,15,54
1,16,54
2,16,54
12,16,54
14,16,54
15,16,54
2,1,55
3,1,55
5,1,55
16,1,55
1,2,55
3,2,55
16,2,55
1,3,55
2,3,55
4,3,55
5,3,55
16,3,55
3,4,55
5,4,55
6,4,55
1,5,55
2,5,55
3,5,55
4,5,55
16,5,55
4,6,55
5,6,55
7,6,55
4,7,55
6,7,55
8,7,55
9,7,55
10,7,55
11,7,55
7,8,55
9,8,55
10,8,55
11,8,55
6,9,55
7,9,55
8,9,55
10,9,55
11,9,55
8,10,55
9,10,55
11,10,55
6,11,55
7,11,55
8,11,55
9,11,55
10,11,55
13,11,55
13,12,55
14,12,55
15,12,55
12,13,55
14,13,55
15,13,55
12,14,55
13,14,55
15,14,55
12,15,55
13,15,55
14,15,55
1,16,55
2,16,55
12,16,55
14,16,55
15,16,55
2,1,56
3,1,56
4,1,56
5,1,56
16,1,56
1,2,56
16,2,56
1,3,56
2,3,56
4,3,56
5,3,56
16,3,56
3,4,56
5,4,56
6,4,56
1,5,56
2,5,56
3,5,56
4,5,56
16,5,56
4,6,56
5,6,56
7,6,56
6,7,56
8,7,56
9,7,56
10,7,56
11,7,56
7,8,56
9,8,56
10,8,56
11,8,56
6,9,56
7,9,56
8,9,56
10,9,56
11,9,56
8,10,56
9,10,56
11,10,56
6,11,56
7,11,56
8,11,56
9,11,56
10,11,56
13,12,56
14,12,56
15,12,56
12,13,56
14,13,56
15,13,56
12,14,56
13,14,56
15,14,56
12,15,56
13,15,56
14,15,56
1,16,56
2,16,56
3,16,56
12,16,56
13,16,56
14,16,56
15,16,56
2,1,57
3,1,57
4,1,57
5,1,57
16,1,57
1,2,57
16,2,57
1,3,57
2,3,57
4,3,57
5,3,57
16,3,57
3,4,57
5,4,57
6,4,57
16,4,57
1,5,57
2,5,57
3,5,57
4,5,57
4,6,57
5,6,57
7,6,57
6,7,57
8,7,57
9,7,57
10,7,57
11,7,57
7,8,57
9,8,57
10,8,57
11,8,57
6,9,57
7,9,57
8,9,57
10,9,57
11,9,57
8,10,57
9,10,57
11,10,57
6,11,57
7,11,57
8,11,57
9,11,57
10,11,57
13,12,57
14,12,57
15,12,57
12,13,57
14,13,57
15,13,57
12,14,57
13,14,57
15,14,57
12,15,57
13,15,57
14,15,57
1,16,57
2,16,57
3,16,57
12,16,57
13,16,57
14,16,57
15,16,57
2,1,58
3,1,58
4,1,58
5,1,58
12,1,58
15,1,58
16,1,58
1,2,58
16,2,58
1,3,58
2,3,58
4,3,58
5,3,58
16,3,58
1,4,58
2,4,58
3,4,58
5,4,58
16,4,58
3,5,58
4,5,58
4,6,58
5,6,58
7,6,58
6,7,58
8,7,58
9,7,58
10,7,58
11,7,58
6,8,58
7,8,58
9,8,58
10,8,58
11,8,58
6,9,58
7,9,58
8,9,58
10,9,58
11,9,58
8,10,58
9,10,58
11,10,58
13,10,58
6,11,58
7,11,58
8,11,58
9,11,58
10,11,58
13,12,58
14,12,58
15,12,58
12,13,58
14,13,58
15,13,58
12,14,58
13,14,58
15,14,58
12,15,58
13,15,58
14,15,58
1,16,58
2,16,58
3,16,58
14,16,58
2,1,59
3,1,59
12,1,59
14,1,59
15,1,59
16,1,59
1,2,59
16,2,59
1,3,59
2,3,59
4,3,59
5,3,59
16,3,59
1,4,59
2,4,59
3,4,59
5,4,59
16,4,59
3,5,59
4,5,59
4,6,59
5,6,59
7,6,59
6,7,59
8,7,59
9,7,59
10,7,59
11,7,59
6,8,59
7,8,59
9,8,59
10,8,59
11,8,59
6,9,59
7,9,59
8,9,59
10,9,59
11,9,59
8,10,59
9,10,59
11,10,59
13,10,59
6,11,59
7,11,59
8,11,59
9,11,59
10,11,59
13,12,59
14,12,59
15,12,59
12,13,59
14,13,59
15,13,59
12,14,59
13,14,59
15,14,59
12,15,59
13,15,59
14,15,59
1,16,59
2,16,59
3,16,59
4,16,59
5,16,59
2,1,60
3,1,60
16,1,60
1,2,60
16,2,60
1,3,60
2,3,60
4,3,60
5,3,60
16,3,60
1,4,60
2,4,60
3,4,60
5,4,60
16,4,60
3,5,60
4,5,60
4,6,60
5,6,60
7,6,60
6,7,60
8,7,60
9,7,60
10,7,60
11,7,60
6,8,60
7,8,60
9,8,60
10,8,60
11,8,60
6,9,60
7,9,60
8,9,60
10,9,60
11,9,60
8,10,60
9,10,60
11,10,60
13,10,60
6,11,60
7,11,60
8,11,60
9,11,60
10,11,60
13,12,60
14,12,60
15,12,60
12,13,60
14,13,60
15,13,60
12,14,60
13,14,60
15,14,60
12,15,60
13,15,60
14,15,60
1,16,60
2,16,60
3,16,60
4,16,60
5,16,60
12,16,60
14,16,60
15,16,60
2,1,61
3,1,61
16,1,61
1,2,61
16,2,61
1,3,61
2,3,61
4,3,61
5,3,61
16,3,61
1,4,61
2,4,61
3,4,61
5,4,61
16,4,61
3,5,61
4,5,61
4,6,61
5,6,61
7,6,61
6,7,61
8,7,61
9,7,61
10,7,61
11,7,61
6,8,61
7,8,61
9,8,61
10,8,61
11,8,61
6,9,61
7,9,61
8,9,61
10,9,61
11,9,61
8,10,61
9,10,61
11,10,61
13,10,61
6,11,61
7,11,61
8,11,61
9,11,61
10,11,61
13,12,61
14,12,61
15,12,61
12,13,61
14,13,61
15,13,61
12,14,61
13,14,61
15,14,61
12,15,61
13,15,61
14,15,61
1,16,61
2,16,61
3,16,61
4,16,61
5,16,61
12,16,61
14,16,61
15,16,61
2,1,62
16,1,62
1,2,62
3,2,62
16,2,62
1,3,62
2,3,62
4,3,62
5,3,62
16,3,62
1,4,62
2,4,62
3,4,62
5,4,62
16,4,62
3,5,62
4,5,62
4,6,62
5,6,62
7,6,62
6,7,62
8,7,62
9,7,62
10,7,62
11,7,62
6,8,62
7,8,62
9,8,62
10,8,62
11,8,62
6,9,62
7,9,62
8,9,62
10,9,62
11,9,62
8,10,62
9,10,62
11,10,62
13,10,62
6,11,62
7,11,62
8,11,62
9,11,62
10,11,62
13,12,62
14,12,62
15,12,62
12,13,62
14,13,62
15,13,62
12,14,62
13,14,62
15,14,62
12,15,62
13,15,62
14,15,62
1,16,62
2,16,62
3,16,62
4,16,62
5,16,62
12,16,62
14,16,62
15,16,62
2,1,63
16,1,63
1,2,63
3,2,63
16,2,63
1,3,63
2,3,63
4,3,63
5,3,63
16,3,63
1,4,63
2,4,63
3,4,63
5,4,63
16,4,63
3,5,63
4,5,63
4,6,63
5,6,63
7,6,63
6,7,63
8,7,63
9,7,63
10,7,63
11,7,63
6,8,63
7,8,63
9,8,63
10,8,63
11,8,63
6,9,63
7,9,63
8,9,63
10,9,63
11,9,63
8,10,63
9,10,63
11,10,63
13,10,63
6,11,63
7,11,63
8,11,63
9,11,63
10,11,63
13,12,63
14,12,63
15,12,63
12,13,63
14,13,63
15,13,63
12,14,63
13,14,63
15,14,63
12,15,63
13,15,63
14,15,63
1,16,63
2,16,63
3,16,63
4,16,63
5,16,63
12,16,63
14,16,63
15,16,63
2,1,64
3,1,64
4,1,64
16,1,64
1,2,64
3,2,64
5,2,64
16,2,64
1,3,64
2,3,64
4,3,64
5,3,64
16,3,64
1,4,64
2,4,64
3,4,64
5,4,64
16,4,64
3,5,64
4,5,64
5,6,64
7,6,64
6,7,64
8,7,64
9,7,64
10,7,64
11,7,64
6,8,64
7,8,64
9,8,64
10,8,64
11,8,64
6,9,64
7,9,64
8,9,64
10,9,64
11,9,64
8,10,64
9,10,64
11,10,64
13,10,64
6,11,64
7,11,64
8,11,64
9,11,64
10,11,64
13,12,64
14,12,64
15,12,64
12,13,64
14,13,64
15,13,64
12,14,64
13,14,64
15,14,64
12,15,64
13,15,64
14,15,64
1,16,64
2,16,64
4,16,64
12,16,64
14,16,64
15,16,64
2,1,65
3,1,65
4,1,65
5,1,65
16,1,65
1,2,65
3,2,65
4,2,65
16,2,65
1,3,65
2,3,65
4,3,65
5,3,65
16,3,65
1,4,65
2,4,65
3,4,65
5,4,65
16,4,65
3,5,65
4,5,65
5,6,65
7,6,65
6,7,65
8,7,65
9,7,65
10,7,65
11,7,65
6,8,65
7,8,65
9,8,65
10,8,65
11,8,65
6,9,65
7,9,65
8,9,65
10,9,65
11,9,65
8,10,65
9,10,65
11,10,65
13,10,65
6,11,65
7,11,65
8,11,65
9,11,65
10,11,65
13,12,65
14,12,65
15,12,65
12,13,65
14,13,65
15,13,65
12,14,65
13,14,65
15,14,65
12,15,65
13,15,65
14,15,65
1,16,65
2,16,65
12,16,65
14,16,65
15,16,65
2,1,66
13,1,66
14,1,66
15,1,66
16,1,66
1,2,66
3,2,66
4,2,66
16,2,66
1,3,66
2,3,66
4,3,66
5,3,66
16,3,66
1,4,66
2,4,66
3,4,66
5,4,66
16,4,66
3,5,66
4,5,66
5,6,66
7,6,66
6,7,66
8,7,66
9,7,66
10,7,66
11,7,66
6,8,66
7,8,66
9,8,66
10,8,66
11,8,66
6,9,66
7,9,66
8,9,66
10,9,66
11,9,66
8,10,66
9,10,66
11,10,66
12,10,66
6,11,66
7,11,66
8,11,66
9,11,66
10,11,66
13,12,66
14,12,66
15,12,66
12,13,66
14,13,66
15,13,66
12,14,66
13,14,66
15,14,66
12,15,66
13,15,66
14,15,66
1,16,66
2,16,66
3,16,66
4,16,66
5,16,66
2,1,67
16,1,67
1,2,67
3,2,67
4,2,67
16,2,67
1,3,67
2,3,67
4,3,67
5,3,67
16,3,67
1,4,67
2,4,67
3,4,67
5,4,67
16,4,67
3,5,67
4,5,67
5,6,67
7,6,67
6,7,67
8,7,67
9,7,67
10,7,67
11,7,67
6,8,67
7,8,67
9,8,67
10,8,67
11,8,67
6,9,67
7,9,67
8,9,67
10,9,67
11,9,67
8,10,67
9,10,67
11,10,67
12,10,67
6,11,67
7,11,67
8,11,67
9,11,67
10,11,67
13,12,67
14,12,67
15,12,67
12,13,67
14,13,67
15,13,67
12,14,67
13,14,67
15,14,67
12,15,67
13,15,67
14,15,67
1,16,67
2,16,67
3,16,67
4,16,67
5,16,67
13,16,67
14,16,67
15,16,67
2,1,68
16,1,68
1,2,68
3,2,68
4,2,68
16,2,68
1,3,68
2,3,68
4,3,68
5,3,68
16,3,68
1,4,68
2,4,68
3,4,68
5,4,68
16,4,68
3,5,68
4,5,68
5,6,68
7,6,68
6,7,68
8,7,68
9,7,68
10,7,68
11,7,68
6,8,68
7,8,68
9,8,68
10,8,68
11,8,68
6,9,68
7,9,68
8,9,68
10,9,68
11,9,68
8,10,68
9,10,68
11,10,68
12,10,68
6,11,68
7,11,68
8,11,68
9,11,68
10,11,68
13,12,68
14,12,68
15,12,68
12,13,68
14,13,68
15,13,68
12,14,68
13,14,68
15,14,68
12,15,68
13,15,68
14,15,68
1,16,68
2,16,68
3,16,68
4,16,68
5,16,68
13,16,68
14,16,68
15,16,68
2,1,69
16,1,69
1,2,69
3,2,69
4,2,69
16,2,69
1,3,69
2,3,69
4,3,69
5,3,69
16,3,69
1,4,69
2,4,69
3,4,69
5,4,69
16,4,69
3,5,69
4,5,69
5,6,69
7,6,69
6,7,69
8,7,69
9,7,69
10,7,69
11,7,69
6,8,69
7,8,69
9,8,69
10,8,69
11,8,69
6,9,69
7,9,69
8,9,69
10,9,69
11,9,69
8,10,69
9,10,69
11,10,69
12,10,69
6,11,69
7,11,69
8,11,69
9,11,69
10,11,69
13,12,69
14,12,69
15,12,69
12,13,69
14,13,69
15,13,69
12,14,69
13,14,69
15,14,69
12,15,69
13,15,69
14,15,69
1,16,69
2,16,69
3,16,69
4,16,69
5,16,69
13,16,69
14,16,69
15,16,69
2,1,70
16,1,70
1,2,70
3,2,70
4,2,70
5,2,70
16,2,70
1,3,70
2,3,70
4,3,70
5,3,70
16,3,70
1,4,70
2,4,70
3,4,70
5,4,70
16,4,70
3,5,70
4,5,70
7,6,70
6,7,70
8,7,70
9,7,70
10,7,70
11,7,70
6,8,70
7,8,70
9,8,70
10,8,70
11,8,70
6,9,70
7,9,70
8,9,70
10,9,70
11,9,70
8,10,70
9,10,70
11,10,70
12,10,70
6,11,70
7,11,70
8,11,70
9,11,70
10,11,70
13,12,70
14,12,70
15,12,70
12,13,70
14,13,70
15,13,70
12,14,70
13,14,70
15,14,70
12,15,70
13,15,70
14,15,70
1,16,70
2,16,70
3,16,70
4,16,70
5,16,70
13,16,70
14,16,70
15,16,70
2,1,71
16,1,71
1,2,71
3,2,71
4,2,71
5,2,71
16,2,71
1,3,71
2,3,71
4,3,71
5,3,71
16,3,71
1,4,71
2,4,71
3,4,71
5,4,71
16,4,71
3,5,71
4,5,71
7,6,71
6,7,71
8,7,71
9,7,71
10,7,71
11,7,71
6,8,71
7,8,71
9,8,71
10,8,71
11,8,71
6,9,71
7,9,71
8,9,71
10,9,71
11,9,71
8,10,71
9,10,71
11,10,71
6,11,71
7,11,71
8,11,71
9,11,71
10,11,71
13,12,71
14,12,71
15,12,71
12,13,71
14,13,71
15,13,71
12,14,71
13,14,71
15,14,71
12,15,71
13,15,71
14,15,71
1,16,71
2,16,71
3,16,71
4,16,71
5,16,71
12,16,71
13,16,71
14,16,71
15,16,71
2,1,72
16,1,72
1,2,72
3,2,72
4,2,72
5,2,72
16,2,72
1,3,72
2,3,72
4,3,72
5,3,72
16,3,72
1,4,72
2,4,72
3,4,72
5,4,72
16,4,72
3,5,72
4,5,72
7,6,72
6,7,72
8,7,72
9,7,72
10,7,72
11,7,72
6,8,72
7,8,72
9,8,72
10,8,72
11,8,72
6,9,72
7,9,72
8,9,72
10,9,72
11,9,72
8,10,72
9,10,72
11,10,72
6,11,72
7,11,72
8,11,72
9,11,72
10,11,72
13,12,72
14,12,72
15,12,72
12,13,72
14,13,72
15,13,72
12,14,72
13,14,72
15,14,72
12,15,72
13,15,72
14,15,72
1,16,72
2,16,72
3,16,72
4,16,72
5,16,72
12,16,72
13,16,72
14,16,72
15,16,72
2,1,73
16,1,73
1,2,73
3,2,73
4,2,73
5,2,73
16,2,73
1,3,73
2,3,73
4,3,73
5,3,73
16,3,73
1,4,73
2,4,73
3,4,73
5,4,73
16,4,73
3,5,73
4,5,73
7,6,73
6,7,73
8,7,73
9,7,73
10,7,73
11,7,73
6,8,73
9,8,73
10,8,73
11,8,73
6,9,73
7,9,73
8,9,73
10,9,73
11,9,73
7,10,73
8,10,73
9,10,73
11,10,73
6,11,73
7,11,73
8,11,73
9,11,73
10,11,73
13,12,73
14,12,73
15,12,73
12,13,73
14,13,73
15,13,73
12,14,73
13,14,73
15,14,73
12,15,73
13,15,73
14,15,73
1,16,73
2,16,73
3,16,73
4,16,73
5,16,73
12,16,73
13,16,73
14,16,73
15,16,73
2,1,74
3,1,74
4,1,74
16,1,74
1,2,74
3,2,74
5,2,74
16,2,74
1,3,74
2,3,74
4,3,74
5,3,74
16,3,74
1,4,74
2,4,74
3,4,74
5,4,74
16,4,74
3,5,74
4,5,74
7,6,74
6,7,74
8,7,74
9,7,74
10,7,74
11,7,74
6,8,74
9,8,74
10,8,74
11,8,74
6,9,74
7,9,74
8,9,74
10,9,74
11,9,74
7,10,74
8,10,74
9,10,74
11,10,74
6,11,74
7,11,74
8,11,74
9,11,74
10,11,74
13,12,74
14,12,74
15,12,74
12,13,74
14,13,74
15,13,74
12,14,74
13,14,74
15,14,74
12,15,74
13,15,74
14,15,74
1,16,74
2,16,74
4,16,74
5,16,74
12,16,74
13,16,74
14,16,74
15,16,74
2,1,75
3,1,75
4,1,75
5,1,75
16,1,75
1,2,75
3,2,75
4,2,75
5,2,75
16,2,75
1,3,75
2,3,75
4,3,75
5,3,75
16,3,75
1,4,75
2,4,75
3,4,75
5,4,75
16,4,75
3,5,75
4,5,75
7,6,75
6,7,75
8,7,75
9,7,75
10,7,75
11,7,75
6,8,75
9,8,75
10,8,75
11,8,75
6,9,75
7,9,75
8,9,75
10,9,75
11,9,75
7,10,75
8,10,75
9,10,75
11,10,75
6,11,75
7,11,75
8,11,75
9,11,75
10,11,75
13,12,75
14,12,75
15,12,75
12,13,75
14,13,75
15,13,75
12,14,75
13,14,75
15,14,75
12,15,75
13,15,75
14,15,75
1,16,75
2,16,75
12,16,75
13,16,75
14,16,75
15,16,75
2,1,76
3,1,76
4,1,76
5,1,76
12,1,76
13,1,76
14,1,76
15,1,76
16,1,76
1,2,76
3,2,76
4,2,76
5,2,76
16,2,76
1,3,76
2,3,76
4,3,76
5,3,76
16,3,76
1,4,76
2,4,76
3,4,76
5,4,76
16,4,76
3,5,76
4,5,76
7,6,76
6,7,76
8,7,76
9,7,76
10,7,76
11,7,76
9,8,76
10,8,76
11,8,76
6,9,76
7,9,76
8,9,76
10,9,76
11,9,76
6,10,76
7,10,76
8,10,76
9,10,76
11,10,76
6,11,76
7,11,76
8,11,76
9,11,76
10,11,76
13,12,76
14,12,76
15,12,76
12,13,76
14,13,76
15,13,76
12,14,76
13,14,76
15,14,76
12,15,76
13,15,76
14,15,76
1,16,76
2,16,76
2,1,77
16,1,77
1,2,77
3,2,77
4,2,77
5,2,77
16,2,77
1,3,77
2,3,77
4,3,77
5,3,77
16,3,77
1,4,77
2,4,77
3,4,77
5,4,77
16,4,77
3,5,77
4,5,77
7,6,77
6,7,77
8,7,77
9,7,77
10,7,77
11,7,77
9,8,77
10,8,77
11,8,77
6,9,77
7,9,77
8,9,77
10,9,77
11,9,77
6,10,77
7,10,77
8,10,77
9,10,77
11,10,77
6,11,77
7,11,77
8,11,77
9,11,77
10,11,77
13,12,77
14,12,77
15,12,77
12,13,77
14,13,77
15,13,77
12,14,77
13,14,77
15,14,77
12,15,77
13,15,77
14,15,77
1,16,77
2,16,77
3,16,77
4,16,77
5,16,77
12,16,77
13,16,77
14,16,77
15,16,77
2,1,78
16,1,78
1,2,78
3,2,78
4,2,78
5,2,78
16,2,78
1,3,78
2,3,78
4,3,78
5,3,78
16,3,78
1,4,78
2,4,78
3,4,78
5,4,78
16,4,78
3,5,78
4,5,78
7,6,78
9,6,78
6,7,78
8,7,78
10,7,78
11,7,78
9,8,78
10,8,78
11,8,78
6,9,78
7,9,78
8,9,78
10,9,78
11,9,78
6,10,78
7,10,78
8,10,78
9,10,78
11,10,78
6,11,78
7,11,78
8,11,78
9,11,78
10,11,78
13,12,78
14,12,78
15,12,78
12,13,78
14,13,78
15,13,78
12,14,78
13,14,78
15,14,78
12,15,78
13,15,78
14,15,78
1,16,78
2,16,78
3,16,78
4,16,78
5,16,78
12,16,78
13,16,78
14,16,78
15,16,78
2,1,79
16,1,79
1,2,79
3,2,79
4,2,79
5,2,79
16,2,79
1,3,79
2,3,79
4,3,79
5,3,79
16,3,79
1,4,79
2,4,79
3,4,79
5,4,79
16,4,79
3,5,79
4,5,79
7,6,79
8,6,79
9,6,79
10,6,79
11,6,79
6,7,79
9,8,79
10,8,79
11,8,79
6,9,79
7,9,79
8,9,79
10,9,79
11,9,79
6,10,79
7,10,79
8,10,79
9,10,79
11,10,79
6,11,79
7,11,79
8,11,79
9,11,79
10,11,79
13,12,79
14,12,79
15,12,79
12,13,79
14,13,79
15,13,79
12,14,79
13,14,79
15,14,79
12,15,79
13,15,79
14,15,79
1,16,79
2,16,79
3,16,79
4,16,79
5,16,79
12,16,79
13,16,79
14,16,79
15,16,79
